,date,input_file,git_hashes,n_node,n_mpi_per_node,n_omp,rep,start_date,time_initialization,step_time
0,2019-09-12 12:38:45.594087,automated_test_1_uniform_rest_32ppc,picsar:99e402c7b4a7c417ad40dba3a487aac01d7dd38d amrex:46e31853f16b646e7623f80c200092f0cc7d354e warpx:2941977007d8fb9638a13b8c80d591c23790a5aa ,1,6,1,0,2019_09_12_12_23_57,1.1729999999999998,0.1973
1,2019-09-12 12:38:46.414726,automated_test_1_uniform_rest_32ppc,picsar:99e402c7b4a7c417ad40dba3a487aac01d7dd38d amrex:46e31853f16b646e7623f80c200092f0cc7d354e warpx:2941977007d8fb9638a13b8c80d591c23790a5aa ,1,6,1,1,2019_09_12_12_23_57,1.1869999999999998,0.1967
2,2019-09-12 12:38:46.468799,automated_test_2_uniform_rest_1ppc,picsar:99e402c7b4a7c417ad40dba3a487aac01d7dd38d amrex:46e31853f16b646e7623f80c200092f0cc7d354e warpx:2941977007d8fb9638a13b8c80d591c23790a5aa ,1,6,1,0,2019_09_12_12_23_57,1.259999999999998,2.371
3,2019-09-12 12:38:46.523195,automated_test_2_uniform_rest_1ppc,picsar:99e402c7b4a7c417ad40dba3a487aac01d7dd38d amrex:46e31853f16b646e7623f80c200092f0cc7d354e warpx:2941977007d8fb9638a13b8c80d591c23790a5aa ,1,6,1,1,2019_09_12_12_23_57,1.2800000000000011,2.395
4,2019-09-12 12:38:46.572028,automated_test_3_uniform_drift_4ppc,picsar:99e402c7b4a7c417ad40dba3a487aac01d7dd38d amrex:46e31853f16b646e7623f80c200092f0cc7d354e warpx:2941977007d8fb9638a13b8c80d591c23790a5aa ,1,6,1,0,2019_09_12_12_23_57,2.228,0.3645
5,2019-09-12 12:38:46.622864,automated_test_3_uniform_drift_4ppc,picsar:99e402c7b4a7c417ad40dba3a487aac01d7dd38d amrex:46e31853f16b646e7623f80c200092f0cc7d354e warpx:2941977007d8fb9638a13b8c80d591c23790a5aa ,1,6,1,1,2019_09_12_12_23_57,2.253,0.3702
6,2019-09-12 12:38:46.675071,automated_test_4_labdiags_2ppc,picsar:99e402c7b4a7c417ad40dba3a487aac01d7dd38d amrex:46e31853f16b646e7623f80c200092f0cc7d354e warpx:2941977007d8fb9638a13b8c80d591c23790a5aa ,1,6,1,0,2019_09_12_12_23_57,26.220000000000002,0.2982
7,2019-09-12 12:38:46.733430,automated_test_4_labdiags_2ppc,picsar:99e402c7b4a7c417ad40dba3a487aac01d7dd38d amrex:46e31853f16b646e7623f80c200092f0cc7d354e warpx:2941977007d8fb9638a13b8c80d591c23790a5aa ,1,6,1,1,2019_09_12_12_23_57,26.020000000000003,0.31079999999999997
8,2019-09-12 12:38:46.784836,automated_test_5_loadimbalance,picsar:99e402c7b4a7c417ad40dba3a487aac01d7dd38d amrex:46e31853f16b646e7623f80c200092f0cc7d354e warpx:2941977007d8fb9638a13b8c80d591c23790a5aa ,1,6,1,0,2019_09_12_12_23_57,1.6160000000000005,0.4074
9,2019-09-12 12:38:46.839926,automated_test_5_loadimbalance,picsar:99e402c7b4a7c417ad40dba3a487aac01d7dd38d amrex:46e31853f16b646e7623f80c200092f0cc7d354e warpx:2941977007d8fb9638a13b8c80d591c23790a5aa ,1,6,1,1,2019_09_12_12_23_57,1.5839999999999996,0.4077
10,2019-09-12 12:38:46.892087,automated_test_6_output_2ppc,picsar:99e402c7b4a7c417ad40dba3a487aac01d7dd38d amrex:46e31853f16b646e7623f80c200092f0cc7d354e warpx:2941977007d8fb9638a13b8c80d591c23790a5aa ,1,6,1,0,2019_09_12_12_23_57,11.149994741,9.47
11,2019-09-12 12:38:46.955153,automated_test_6_output_2ppc,picsar:99e402c7b4a7c417ad40dba3a487aac01d7dd38d amrex:46e31853f16b646e7623f80c200092f0cc7d354e warpx:2941977007d8fb9638a13b8c80d591c23790a5aa ,1,6,1,1,2019_09_12_12_23_57,11.28999451,9.609
12,2019-09-12 12:38:47.012982,automated_test_1_uniform_rest_32ppc,picsar:99e402c7b4a7c417ad40dba3a487aac01d7dd38d amrex:46e31853f16b646e7623f80c200092f0cc7d354e warpx:2941977007d8fb9638a13b8c80d591c23790a5aa ,2,6,1,0,2019_09_12_12_23_57,1.1219999999999999,0.2124
13,2019-09-12 12:38:47.070110,automated_test_1_uniform_rest_32ppc,picsar:99e402c7b4a7c417ad40dba3a487aac01d7dd38d amrex:46e31853f16b646e7623f80c200092f0cc7d354e warpx:2941977007d8fb9638a13b8c80d591c23790a5aa ,2,6,1,1,2019_09_12_12_23_57,1.1269999999999998,0.2044
14,2019-09-12 12:38:47.126395,automated_test_2_uniform_rest_1ppc,picsar:99e402c7b4a7c417ad40dba3a487aac01d7dd38d amrex:46e31853f16b646e7623f80c200092f0cc7d354e warpx:2941977007d8fb9638a13b8c80d591c23790a5aa ,2,6,1,0,2019_09_12_12_23_57,1.3300000000000018,2.09
15,2019-09-12 12:38:47.202118,automated_test_2_uniform_rest_1ppc,picsar:99e402c7b4a7c417ad40dba3a487aac01d7dd38d amrex:46e31853f16b646e7623f80c200092f0cc7d354e warpx:2941977007d8fb9638a13b8c80d591c23790a5aa ,2,6,1,1,2019_09_12_12_23_57,1.3000000000000007,2.084
16,2019-09-12 12:38:47.267178,automated_test_3_uniform_drift_4ppc,picsar:99e402c7b4a7c417ad40dba3a487aac01d7dd38d amrex:46e31853f16b646e7623f80c200092f0cc7d354e warpx:2941977007d8fb9638a13b8c80d591c23790a5aa ,2,6,1,0,2019_09_12_12_23_57,2.121,0.39849999999999997
17,2019-09-12 12:38:47.542726,automated_test_3_uniform_drift_4ppc,picsar:99e402c7b4a7c417ad40dba3a487aac01d7dd38d amrex:46e31853f16b646e7623f80c200092f0cc7d354e warpx:2941977007d8fb9638a13b8c80d591c23790a5aa ,2,6,1,1,2019_09_12_12_23_57,2.245,0.40990000000000004
18,2019-09-12 12:38:47.602137,automated_test_4_labdiags_2ppc,picsar:99e402c7b4a7c417ad40dba3a487aac01d7dd38d amrex:46e31853f16b646e7623f80c200092f0cc7d354e warpx:2941977007d8fb9638a13b8c80d591c23790a5aa ,2,6,1,0,2019_09_12_12_23_57,27.92,0.247
19,2019-09-12 12:38:49.162347,automated_test_4_labdiags_2ppc,picsar:99e402c7b4a7c417ad40dba3a487aac01d7dd38d amrex:46e31853f16b646e7623f80c200092f0cc7d354e warpx:2941977007d8fb9638a13b8c80d591c23790a5aa ,2,6,1,1,2019_09_12_12_23_57,27.970000000000006,0.25239999999999996
20,2019-09-12 12:38:49.263007,automated_test_5_loadimbalance,picsar:99e402c7b4a7c417ad40dba3a487aac01d7dd38d amrex:46e31853f16b646e7623f80c200092f0cc7d354e warpx:2941977007d8fb9638a13b8c80d591c23790a5aa ,2,6,1,0,2019_09_12_12_23_57,1.6600000000000001,0.4312
21,2019-09-12 12:38:49.320164,automated_test_5_loadimbalance,picsar:99e402c7b4a7c417ad40dba3a487aac01d7dd38d amrex:46e31853f16b646e7623f80c200092f0cc7d354e warpx:2941977007d8fb9638a13b8c80d591c23790a5aa ,2,6,1,1,2019_09_12_12_23_57,1.6520000000000001,0.42569999999999997
22,2019-09-12 12:38:49.376532,automated_test_6_output_2ppc,picsar:99e402c7b4a7c417ad40dba3a487aac01d7dd38d amrex:46e31853f16b646e7623f80c200092f0cc7d354e warpx:2941977007d8fb9638a13b8c80d591c23790a5aa ,2,6,1,0,2019_09_12_12_23_57,8.837994819999999,7.409
23,2019-09-12 12:38:49.432050,automated_test_6_output_2ppc,picsar:99e402c7b4a7c417ad40dba3a487aac01d7dd38d amrex:46e31853f16b646e7623f80c200092f0cc7d354e warpx:2941977007d8fb9638a13b8c80d591c23790a5aa ,2,6,1,1,2019_09_12_12_23_57,8.917994809,7.464
24,2019-09-12 12:38:49.489210,automated_test_1_uniform_rest_32ppc,picsar:99e402c7b4a7c417ad40dba3a487aac01d7dd38d amrex:46e31853f16b646e7623f80c200092f0cc7d354e warpx:2941977007d8fb9638a13b8c80d591c23790a5aa ,8,6,1,0,2019_09_12_12_23_57,1.1359999999999997,0.24020000000000002
25,2019-09-12 12:38:49.553587,automated_test_1_uniform_rest_32ppc,picsar:99e402c7b4a7c417ad40dba3a487aac01d7dd38d amrex:46e31853f16b646e7623f80c200092f0cc7d354e warpx:2941977007d8fb9638a13b8c80d591c23790a5aa ,8,6,1,1,2019_09_12_12_23_57,1.158,0.23959999999999998
26,2019-09-12 12:38:49.611109,automated_test_2_uniform_rest_1ppc,picsar:99e402c7b4a7c417ad40dba3a487aac01d7dd38d amrex:46e31853f16b646e7623f80c200092f0cc7d354e warpx:2941977007d8fb9638a13b8c80d591c23790a5aa ,8,6,1,0,2019_09_12_12_23_57,1.879999999999999,1.859
27,2019-09-12 12:38:49.666901,automated_test_2_uniform_rest_1ppc,picsar:99e402c7b4a7c417ad40dba3a487aac01d7dd38d amrex:46e31853f16b646e7623f80c200092f0cc7d354e warpx:2941977007d8fb9638a13b8c80d591c23790a5aa ,8,6,1,1,2019_09_12_12_23_57,1.25,1.829
28,2019-09-12 12:38:49.725785,automated_test_3_uniform_drift_4ppc,picsar:99e402c7b4a7c417ad40dba3a487aac01d7dd38d amrex:46e31853f16b646e7623f80c200092f0cc7d354e warpx:2941977007d8fb9638a13b8c80d591c23790a5aa ,8,6,1,0,2019_09_12_12_23_57,2.2809999999999997,0.40190000000000003
29,2019-09-12 12:38:49.783695,automated_test_3_uniform_drift_4ppc,picsar:99e402c7b4a7c417ad40dba3a487aac01d7dd38d amrex:46e31853f16b646e7623f80c200092f0cc7d354e warpx:2941977007d8fb9638a13b8c80d591c23790a5aa ,8,6,1,1,2019_09_12_12_23_57,2.258,0.40490000000000004
30,2019-09-12 12:38:49.842205,automated_test_4_labdiags_2ppc,picsar:99e402c7b4a7c417ad40dba3a487aac01d7dd38d amrex:46e31853f16b646e7623f80c200092f0cc7d354e warpx:2941977007d8fb9638a13b8c80d591c23790a5aa ,8,6,1,0,2019_09_12_12_23_57,17.05,0.31679999999999997
31,2019-09-12 12:38:49.944924,automated_test_4_labdiags_2ppc,picsar:99e402c7b4a7c417ad40dba3a487aac01d7dd38d amrex:46e31853f16b646e7623f80c200092f0cc7d354e warpx:2941977007d8fb9638a13b8c80d591c23790a5aa ,8,6,1,1,2019_09_12_12_23_57,17.040000000000003,0.3132
32,2019-09-12 12:38:50.000045,automated_test_5_loadimbalance,picsar:99e402c7b4a7c417ad40dba3a487aac01d7dd38d amrex:46e31853f16b646e7623f80c200092f0cc7d354e warpx:2941977007d8fb9638a13b8c80d591c23790a5aa ,8,6,1,0,2019_09_12_12_23_57,1.9009999999999998,0.8029
33,2019-09-12 12:38:50.056046,automated_test_5_loadimbalance,picsar:99e402c7b4a7c417ad40dba3a487aac01d7dd38d amrex:46e31853f16b646e7623f80c200092f0cc7d354e warpx:2941977007d8fb9638a13b8c80d591c23790a5aa ,8,6,1,1,2019_09_12_12_23_57,1.763,0.8080999999999999
34,2019-09-12 12:38:50.110458,automated_test_6_output_2ppc,picsar:99e402c7b4a7c417ad40dba3a487aac01d7dd38d amrex:46e31853f16b646e7623f80c200092f0cc7d354e warpx:2941977007d8fb9638a13b8c80d591c23790a5aa ,8,6,1,0,2019_09_12_12_23_57,8.897994735,7.447
35,2019-09-12 12:38:50.165938,automated_test_6_output_2ppc,picsar:99e402c7b4a7c417ad40dba3a487aac01d7dd38d amrex:46e31853f16b646e7623f80c200092f0cc7d354e warpx:2941977007d8fb9638a13b8c80d591c23790a5aa ,8,6,1,1,2019_09_12_12_23_57,8.982994756,7.55
36,2019-09-12 12:38:50.226057,automated_test_1_uniform_rest_32ppc,picsar:99e402c7b4a7c417ad40dba3a487aac01d7dd38d amrex:46e31853f16b646e7623f80c200092f0cc7d354e warpx:2941977007d8fb9638a13b8c80d591c23790a5aa ,64,6,1,0,2019_09_12_12_23_57,1.2510000000000003,0.27349999999999997
37,2019-09-12 12:38:50.288145,automated_test_1_uniform_rest_32ppc,picsar:99e402c7b4a7c417ad40dba3a487aac01d7dd38d amrex:46e31853f16b646e7623f80c200092f0cc7d354e warpx:2941977007d8fb9638a13b8c80d591c23790a5aa ,64,6,1,1,2019_09_12_12_23_57,1.1959999999999997,0.2801
38,2019-09-12 12:38:50.341949,automated_test_2_uniform_rest_1ppc,picsar:99e402c7b4a7c417ad40dba3a487aac01d7dd38d amrex:46e31853f16b646e7623f80c200092f0cc7d354e warpx:2941977007d8fb9638a13b8c80d591c23790a5aa ,64,6,1,0,2019_09_12_12_23_57,1.370000000000001,1.4789999999999999
39,2019-09-12 12:38:50.395937,automated_test_2_uniform_rest_1ppc,picsar:99e402c7b4a7c417ad40dba3a487aac01d7dd38d amrex:46e31853f16b646e7623f80c200092f0cc7d354e warpx:2941977007d8fb9638a13b8c80d591c23790a5aa ,64,6,1,1,2019_09_12_12_23_57,1.299999999999999,1.503
40,2019-09-12 12:38:50.450952,automated_test_3_uniform_drift_4ppc,picsar:99e402c7b4a7c417ad40dba3a487aac01d7dd38d amrex:46e31853f16b646e7623f80c200092f0cc7d354e warpx:2941977007d8fb9638a13b8c80d591c23790a5aa ,64,6,1,0,2019_09_12_12_23_57,2.343,0.421
41,2019-09-12 12:38:50.506691,automated_test_3_uniform_drift_4ppc,picsar:99e402c7b4a7c417ad40dba3a487aac01d7dd38d amrex:46e31853f16b646e7623f80c200092f0cc7d354e warpx:2941977007d8fb9638a13b8c80d591c23790a5aa ,64,6,1,1,2019_09_12_12_23_57,2.327,0.4239
42,2019-09-12 12:38:50.562999,automated_test_4_labdiags_2ppc,picsar:99e402c7b4a7c417ad40dba3a487aac01d7dd38d amrex:46e31853f16b646e7623f80c200092f0cc7d354e warpx:2941977007d8fb9638a13b8c80d591c23790a5aa ,64,6,1,0,2019_09_12_12_23_57,13.02,0.344
43,2019-09-12 12:38:50.616613,automated_test_4_labdiags_2ppc,picsar:99e402c7b4a7c417ad40dba3a487aac01d7dd38d amrex:46e31853f16b646e7623f80c200092f0cc7d354e warpx:2941977007d8fb9638a13b8c80d591c23790a5aa ,64,6,1,1,2019_09_12_12_23_57,13.159999999999997,0.38780000000000003
44,2019-09-12 12:38:50.669556,automated_test_5_loadimbalance,picsar:99e402c7b4a7c417ad40dba3a487aac01d7dd38d amrex:46e31853f16b646e7623f80c200092f0cc7d354e warpx:2941977007d8fb9638a13b8c80d591c23790a5aa ,64,6,1,0,2019_09_12_12_23_57,1.8890000000000011,0.8591
45,2019-09-12 12:38:50.725681,automated_test_5_loadimbalance,picsar:99e402c7b4a7c417ad40dba3a487aac01d7dd38d amrex:46e31853f16b646e7623f80c200092f0cc7d354e warpx:2941977007d8fb9638a13b8c80d591c23790a5aa ,64,6,1,1,2019_09_12_12_23_57,1.8789999999999996,0.8691000000000001
46,2019-09-12 12:38:50.779208,automated_test_6_output_2ppc,picsar:99e402c7b4a7c417ad40dba3a487aac01d7dd38d amrex:46e31853f16b646e7623f80c200092f0cc7d354e warpx:2941977007d8fb9638a13b8c80d591c23790a5aa ,64,6,1,0,2019_09_12_12_23_57,9.82899472,8.378
47,2019-09-12 12:38:50.833157,automated_test_6_output_2ppc,picsar:99e402c7b4a7c417ad40dba3a487aac01d7dd38d amrex:46e31853f16b646e7623f80c200092f0cc7d354e warpx:2941977007d8fb9638a13b8c80d591c23790a5aa ,64,6,1,1,2019_09_12_12_23_57,10.259994652,8.439
48,2019-09-12 20:24:52.237452,automated_test_1_uniform_rest_32ppc,picsar:99e402c7b4a7c417ad40dba3a487aac01d7dd38d amrex:a14fc38b5cd72cea29d3266786a3d9c6a1af6380 warpx:2941977007d8fb9638a13b8c80d591c23790a5aa ,1,6,1,0,2019_09_12_20_16_42,1.198,0.2004
49,2019-09-12 20:24:53.330386,automated_test_1_uniform_rest_32ppc,picsar:99e402c7b4a7c417ad40dba3a487aac01d7dd38d amrex:a14fc38b5cd72cea29d3266786a3d9c6a1af6380 warpx:2941977007d8fb9638a13b8c80d591c23790a5aa ,1,6,1,1,2019_09_12_20_16_42,1.1670000000000003,0.2041
50,2019-09-12 20:24:53.387935,automated_test_2_uniform_rest_1ppc,picsar:99e402c7b4a7c417ad40dba3a487aac01d7dd38d amrex:a14fc38b5cd72cea29d3266786a3d9c6a1af6380 warpx:2941977007d8fb9638a13b8c80d591c23790a5aa ,1,6,1,0,2019_09_12_20_16_42,1.4199999999999982,2.348
51,2019-09-12 20:24:53.446398,automated_test_2_uniform_rest_1ppc,picsar:99e402c7b4a7c417ad40dba3a487aac01d7dd38d amrex:a14fc38b5cd72cea29d3266786a3d9c6a1af6380 warpx:2941977007d8fb9638a13b8c80d591c23790a5aa ,1,6,1,1,2019_09_12_20_16_42,1.2000000000000028,2.3739999999999997
52,2019-09-12 20:24:53.504178,automated_test_3_uniform_drift_4ppc,picsar:99e402c7b4a7c417ad40dba3a487aac01d7dd38d amrex:a14fc38b5cd72cea29d3266786a3d9c6a1af6380 warpx:2941977007d8fb9638a13b8c80d591c23790a5aa ,1,6,1,0,2019_09_12_20_16_42,2.2779999999999996,0.3724
53,2019-09-12 20:24:53.561938,automated_test_3_uniform_drift_4ppc,picsar:99e402c7b4a7c417ad40dba3a487aac01d7dd38d amrex:a14fc38b5cd72cea29d3266786a3d9c6a1af6380 warpx:2941977007d8fb9638a13b8c80d591c23790a5aa ,1,6,1,1,2019_09_12_20_16_42,2.282,0.379
54,2019-09-12 20:24:53.621138,automated_test_4_labdiags_2ppc,picsar:99e402c7b4a7c417ad40dba3a487aac01d7dd38d amrex:a14fc38b5cd72cea29d3266786a3d9c6a1af6380 warpx:2941977007d8fb9638a13b8c80d591c23790a5aa ,1,6,1,0,2019_09_12_20_16_42,26.700000000000003,0.3386
55,2019-09-12 20:24:53.678595,automated_test_4_labdiags_2ppc,picsar:99e402c7b4a7c417ad40dba3a487aac01d7dd38d amrex:a14fc38b5cd72cea29d3266786a3d9c6a1af6380 warpx:2941977007d8fb9638a13b8c80d591c23790a5aa ,1,6,1,1,2019_09_12_20_16_42,26.419999999999998,0.32380000000000003
56,2019-09-12 20:24:53.735513,automated_test_5_loadimbalance,picsar:99e402c7b4a7c417ad40dba3a487aac01d7dd38d amrex:a14fc38b5cd72cea29d3266786a3d9c6a1af6380 warpx:2941977007d8fb9638a13b8c80d591c23790a5aa ,1,6,1,0,2019_09_12_20_16_42,1.6889999999999992,0.40650000000000003
57,2019-09-12 20:24:53.793812,automated_test_5_loadimbalance,picsar:99e402c7b4a7c417ad40dba3a487aac01d7dd38d amrex:a14fc38b5cd72cea29d3266786a3d9c6a1af6380 warpx:2941977007d8fb9638a13b8c80d591c23790a5aa ,1,6,1,1,2019_09_12_20_16_42,1.6719999999999997,0.404
58,2019-09-12 20:24:53.863327,automated_test_6_output_2ppc,picsar:99e402c7b4a7c417ad40dba3a487aac01d7dd38d amrex:a14fc38b5cd72cea29d3266786a3d9c6a1af6380 warpx:2941977007d8fb9638a13b8c80d591c23790a5aa ,1,6,1,0,2019_09_12_20_16_42,11.289994682,9.612
59,2019-09-12 20:24:53.920762,automated_test_6_output_2ppc,picsar:99e402c7b4a7c417ad40dba3a487aac01d7dd38d amrex:a14fc38b5cd72cea29d3266786a3d9c6a1af6380 warpx:2941977007d8fb9638a13b8c80d591c23790a5aa ,1,6,1,1,2019_09_12_20_16_42,11.189994685,9.558
60,2019-09-12 20:24:53.981119,automated_test_1_uniform_rest_32ppc,picsar:99e402c7b4a7c417ad40dba3a487aac01d7dd38d amrex:a14fc38b5cd72cea29d3266786a3d9c6a1af6380 warpx:2941977007d8fb9638a13b8c80d591c23790a5aa ,2,6,1,0,2019_09_12_20_16_42,1.161,0.2042
61,2019-09-12 20:24:54.041265,automated_test_1_uniform_rest_32ppc,picsar:99e402c7b4a7c417ad40dba3a487aac01d7dd38d amrex:a14fc38b5cd72cea29d3266786a3d9c6a1af6380 warpx:2941977007d8fb9638a13b8c80d591c23790a5aa ,2,6,1,1,2019_09_12_20_16_42,1.1840000000000002,0.20379999999999998
62,2019-09-12 20:24:54.105873,automated_test_2_uniform_rest_1ppc,picsar:99e402c7b4a7c417ad40dba3a487aac01d7dd38d amrex:a14fc38b5cd72cea29d3266786a3d9c6a1af6380 warpx:2941977007d8fb9638a13b8c80d591c23790a5aa ,2,6,1,0,2019_09_12_20_16_42,1.2699999999999996,2.144
63,2019-09-12 20:24:54.163670,automated_test_2_uniform_rest_1ppc,picsar:99e402c7b4a7c417ad40dba3a487aac01d7dd38d amrex:a14fc38b5cd72cea29d3266786a3d9c6a1af6380 warpx:2941977007d8fb9638a13b8c80d591c23790a5aa ,2,6,1,1,2019_09_12_20_16_42,1.25,2.164
64,2019-09-12 20:24:54.221959,automated_test_3_uniform_drift_4ppc,picsar:99e402c7b4a7c417ad40dba3a487aac01d7dd38d amrex:a14fc38b5cd72cea29d3266786a3d9c6a1af6380 warpx:2941977007d8fb9638a13b8c80d591c23790a5aa ,2,6,1,0,2019_09_12_20_16_42,2.216,0.3982
65,2019-09-12 20:24:54.279346,automated_test_3_uniform_drift_4ppc,picsar:99e402c7b4a7c417ad40dba3a487aac01d7dd38d amrex:a14fc38b5cd72cea29d3266786a3d9c6a1af6380 warpx:2941977007d8fb9638a13b8c80d591c23790a5aa ,2,6,1,1,2019_09_12_20_16_42,2.224,0.4072
66,2019-09-12 20:24:54.338187,automated_test_4_labdiags_2ppc,picsar:99e402c7b4a7c417ad40dba3a487aac01d7dd38d amrex:a14fc38b5cd72cea29d3266786a3d9c6a1af6380 warpx:2941977007d8fb9638a13b8c80d591c23790a5aa ,2,6,1,0,2019_09_12_20_16_42,27.69,0.3054
67,2019-09-12 20:24:54.395662,automated_test_4_labdiags_2ppc,picsar:99e402c7b4a7c417ad40dba3a487aac01d7dd38d amrex:a14fc38b5cd72cea29d3266786a3d9c6a1af6380 warpx:2941977007d8fb9638a13b8c80d591c23790a5aa ,2,6,1,1,2019_09_12_20_16_42,28.25,0.3002
68,2019-09-12 20:24:54.451425,automated_test_5_loadimbalance,picsar:99e402c7b4a7c417ad40dba3a487aac01d7dd38d amrex:a14fc38b5cd72cea29d3266786a3d9c6a1af6380 warpx:2941977007d8fb9638a13b8c80d591c23790a5aa ,2,6,1,0,2019_09_12_20_16_42,1.6760000000000002,0.4316
69,2019-09-12 20:24:54.510582,automated_test_5_loadimbalance,picsar:99e402c7b4a7c417ad40dba3a487aac01d7dd38d amrex:a14fc38b5cd72cea29d3266786a3d9c6a1af6380 warpx:2941977007d8fb9638a13b8c80d591c23790a5aa ,2,6,1,1,2019_09_12_20_16_42,1.7640000000000002,0.433
70,2019-09-12 20:24:54.566680,automated_test_6_output_2ppc,picsar:99e402c7b4a7c417ad40dba3a487aac01d7dd38d amrex:a14fc38b5cd72cea29d3266786a3d9c6a1af6380 warpx:2941977007d8fb9638a13b8c80d591c23790a5aa ,2,6,1,0,2019_09_12_20_16_42,8.903994738,7.493
71,2019-09-12 20:24:54.623022,automated_test_6_output_2ppc,picsar:99e402c7b4a7c417ad40dba3a487aac01d7dd38d amrex:a14fc38b5cd72cea29d3266786a3d9c6a1af6380 warpx:2941977007d8fb9638a13b8c80d591c23790a5aa ,2,6,1,1,2019_09_12_20_16_42,8.938994779,7.535
72,2019-09-12 20:24:54.682033,automated_test_1_uniform_rest_32ppc,picsar:99e402c7b4a7c417ad40dba3a487aac01d7dd38d amrex:a14fc38b5cd72cea29d3266786a3d9c6a1af6380 warpx:2941977007d8fb9638a13b8c80d591c23790a5aa ,8,6,1,0,2019_09_12_20_16_42,1.1340000000000003,0.2425
73,2019-09-12 20:24:54.739943,automated_test_1_uniform_rest_32ppc,picsar:99e402c7b4a7c417ad40dba3a487aac01d7dd38d amrex:a14fc38b5cd72cea29d3266786a3d9c6a1af6380 warpx:2941977007d8fb9638a13b8c80d591c23790a5aa ,8,6,1,1,2019_09_12_20_16_42,1.173,0.2405
74,2019-09-12 20:24:54.796663,automated_test_2_uniform_rest_1ppc,picsar:99e402c7b4a7c417ad40dba3a487aac01d7dd38d amrex:a14fc38b5cd72cea29d3266786a3d9c6a1af6380 warpx:2941977007d8fb9638a13b8c80d591c23790a5aa ,8,6,1,0,2019_09_12_20_16_42,1.3299999999999983,1.889
75,2019-09-12 20:24:54.854888,automated_test_2_uniform_rest_1ppc,picsar:99e402c7b4a7c417ad40dba3a487aac01d7dd38d amrex:a14fc38b5cd72cea29d3266786a3d9c6a1af6380 warpx:2941977007d8fb9638a13b8c80d591c23790a5aa ,8,6,1,1,2019_09_12_20_16_42,1.3399999999999999,1.893
76,2019-09-12 20:24:54.913458,automated_test_3_uniform_drift_4ppc,picsar:99e402c7b4a7c417ad40dba3a487aac01d7dd38d amrex:a14fc38b5cd72cea29d3266786a3d9c6a1af6380 warpx:2941977007d8fb9638a13b8c80d591c23790a5aa ,8,6,1,0,2019_09_12_20_16_42,2.2619999999999996,0.40090000000000003
77,2019-09-12 20:24:54.972486,automated_test_3_uniform_drift_4ppc,picsar:99e402c7b4a7c417ad40dba3a487aac01d7dd38d amrex:a14fc38b5cd72cea29d3266786a3d9c6a1af6380 warpx:2941977007d8fb9638a13b8c80d591c23790a5aa ,8,6,1,1,2019_09_12_20_16_42,2.2089999999999996,0.4069
78,2019-09-12 20:24:55.032656,automated_test_4_labdiags_2ppc,picsar:99e402c7b4a7c417ad40dba3a487aac01d7dd38d amrex:a14fc38b5cd72cea29d3266786a3d9c6a1af6380 warpx:2941977007d8fb9638a13b8c80d591c23790a5aa ,8,6,1,0,2019_09_12_20_16_42,16.639999999999997,0.3602
79,2019-09-12 20:24:55.092167,automated_test_4_labdiags_2ppc,picsar:99e402c7b4a7c417ad40dba3a487aac01d7dd38d amrex:a14fc38b5cd72cea29d3266786a3d9c6a1af6380 warpx:2941977007d8fb9638a13b8c80d591c23790a5aa ,8,6,1,1,2019_09_12_20_16_42,17.14,0.3444
80,2019-09-12 20:24:55.152381,automated_test_5_loadimbalance,picsar:99e402c7b4a7c417ad40dba3a487aac01d7dd38d amrex:a14fc38b5cd72cea29d3266786a3d9c6a1af6380 warpx:2941977007d8fb9638a13b8c80d591c23790a5aa ,8,6,1,0,2019_09_12_20_16_42,1.9459999999999997,0.8084
81,2019-09-12 20:24:55.248610,automated_test_5_loadimbalance,picsar:99e402c7b4a7c417ad40dba3a487aac01d7dd38d amrex:a14fc38b5cd72cea29d3266786a3d9c6a1af6380 warpx:2941977007d8fb9638a13b8c80d591c23790a5aa ,8,6,1,1,2019_09_12_20_16_42,1.9900000000000002,0.8029999999999999
82,2019-09-12 20:24:55.337550,automated_test_6_output_2ppc,picsar:99e402c7b4a7c417ad40dba3a487aac01d7dd38d amrex:a14fc38b5cd72cea29d3266786a3d9c6a1af6380 warpx:2941977007d8fb9638a13b8c80d591c23790a5aa ,8,6,1,0,2019_09_12_20_16_42,9.045994789,7.602
83,2019-09-12 20:24:55.423252,automated_test_6_output_2ppc,picsar:99e402c7b4a7c417ad40dba3a487aac01d7dd38d amrex:a14fc38b5cd72cea29d3266786a3d9c6a1af6380 warpx:2941977007d8fb9638a13b8c80d591c23790a5aa ,8,6,1,1,2019_09_12_20_16_42,9.284994772000001,7.865
84,2019-09-12 20:24:55.486374,automated_test_1_uniform_rest_32ppc,picsar:99e402c7b4a7c417ad40dba3a487aac01d7dd38d amrex:a14fc38b5cd72cea29d3266786a3d9c6a1af6380 warpx:2941977007d8fb9638a13b8c80d591c23790a5aa ,64,6,1,0,2019_09_12_20_16_42,1.388,0.2718
85,2019-09-12 20:24:55.544407,automated_test_1_uniform_rest_32ppc,picsar:99e402c7b4a7c417ad40dba3a487aac01d7dd38d amrex:a14fc38b5cd72cea29d3266786a3d9c6a1af6380 warpx:2941977007d8fb9638a13b8c80d591c23790a5aa ,64,6,1,1,2019_09_12_20_16_42,1.3510000000000004,0.2807
86,2019-09-12 20:24:55.603095,automated_test_2_uniform_rest_1ppc,picsar:99e402c7b4a7c417ad40dba3a487aac01d7dd38d amrex:a14fc38b5cd72cea29d3266786a3d9c6a1af6380 warpx:2941977007d8fb9638a13b8c80d591c23790a5aa ,64,6,1,0,2019_09_12_20_16_42,1.549999999999999,1.4529999999999998
87,2019-09-12 20:24:55.661262,automated_test_2_uniform_rest_1ppc,picsar:99e402c7b4a7c417ad40dba3a487aac01d7dd38d amrex:a14fc38b5cd72cea29d3266786a3d9c6a1af6380 warpx:2941977007d8fb9638a13b8c80d591c23790a5aa ,64,6,1,1,2019_09_12_20_16_42,1.5999999999999979,1.471
88,2019-09-12 20:24:55.719519,automated_test_3_uniform_drift_4ppc,picsar:99e402c7b4a7c417ad40dba3a487aac01d7dd38d amrex:a14fc38b5cd72cea29d3266786a3d9c6a1af6380 warpx:2941977007d8fb9638a13b8c80d591c23790a5aa ,64,6,1,0,2019_09_12_20_16_42,2.785,0.41929999999999995
89,2019-09-12 20:24:55.777697,automated_test_3_uniform_drift_4ppc,picsar:99e402c7b4a7c417ad40dba3a487aac01d7dd38d amrex:a14fc38b5cd72cea29d3266786a3d9c6a1af6380 warpx:2941977007d8fb9638a13b8c80d591c23790a5aa ,64,6,1,1,2019_09_12_20_16_42,2.303,0.42960000000000004
90,2019-09-12 20:24:55.849534,automated_test_4_labdiags_2ppc,picsar:99e402c7b4a7c417ad40dba3a487aac01d7dd38d amrex:a14fc38b5cd72cea29d3266786a3d9c6a1af6380 warpx:2941977007d8fb9638a13b8c80d591c23790a5aa ,64,6,1,0,2019_09_12_20_16_42,13.120000000000001,0.3874
91,2019-09-12 20:24:55.906408,automated_test_4_labdiags_2ppc,picsar:99e402c7b4a7c417ad40dba3a487aac01d7dd38d amrex:a14fc38b5cd72cea29d3266786a3d9c6a1af6380 warpx:2941977007d8fb9638a13b8c80d591c23790a5aa ,64,6,1,1,2019_09_12_20_16_42,13.25,0.33039999999999997
92,2019-09-12 20:24:55.965130,automated_test_5_loadimbalance,picsar:99e402c7b4a7c417ad40dba3a487aac01d7dd38d amrex:a14fc38b5cd72cea29d3266786a3d9c6a1af6380 warpx:2941977007d8fb9638a13b8c80d591c23790a5aa ,64,6,1,0,2019_09_12_20_16_42,1.907,0.9883
93,2019-09-12 20:24:56.022406,automated_test_5_loadimbalance,picsar:99e402c7b4a7c417ad40dba3a487aac01d7dd38d amrex:a14fc38b5cd72cea29d3266786a3d9c6a1af6380 warpx:2941977007d8fb9638a13b8c80d591c23790a5aa ,64,6,1,1,2019_09_12_20_16_42,1.8310000000000013,0.9128999999999999
94,2019-09-12 20:24:56.078695,automated_test_6_output_2ppc,picsar:99e402c7b4a7c417ad40dba3a487aac01d7dd38d amrex:a14fc38b5cd72cea29d3266786a3d9c6a1af6380 warpx:2941977007d8fb9638a13b8c80d591c23790a5aa ,64,6,1,0,2019_09_12_20_16_42,10.169994739,8.736
95,2019-09-12 20:24:56.140932,automated_test_6_output_2ppc,picsar:99e402c7b4a7c417ad40dba3a487aac01d7dd38d amrex:a14fc38b5cd72cea29d3266786a3d9c6a1af6380 warpx:2941977007d8fb9638a13b8c80d591c23790a5aa ,64,6,1,1,2019_09_12_20_16_42,10.169994719,8.746
96,2019-09-21 11:21:12.194902,automated_test_1_uniform_rest_32ppc,picsar:99e402c7b4a7c417ad40dba3a487aac01d7dd38d amrex:0495381007db8b4f34e702c3ee6882b5940b5307 warpx:2941977007d8fb9638a13b8c80d591c23790a5aa ,1,6,1,0,2019_09_21_11_13_37,1.125,0.1891
97,2019-09-21 11:21:13.337201,automated_test_1_uniform_rest_32ppc,picsar:99e402c7b4a7c417ad40dba3a487aac01d7dd38d amrex:0495381007db8b4f34e702c3ee6882b5940b5307 warpx:2941977007d8fb9638a13b8c80d591c23790a5aa ,1,6,1,1,2019_09_21_11_13_37,1.137,0.1907
98,2019-09-21 11:21:13.394319,automated_test_2_uniform_rest_1ppc,picsar:99e402c7b4a7c417ad40dba3a487aac01d7dd38d amrex:0495381007db8b4f34e702c3ee6882b5940b5307 warpx:2941977007d8fb9638a13b8c80d591c23790a5aa ,1,6,1,0,2019_09_21_11_13_37,1.1899999999999977,2.535
99,2019-09-21 11:21:13.451400,automated_test_2_uniform_rest_1ppc,picsar:99e402c7b4a7c417ad40dba3a487aac01d7dd38d amrex:0495381007db8b4f34e702c3ee6882b5940b5307 warpx:2941977007d8fb9638a13b8c80d591c23790a5aa ,1,6,1,1,2019_09_21_11_13_37,1.2600000000000016,2.5309999999999997
100,2019-09-21 11:21:13.508048,automated_test_3_uniform_drift_4ppc,picsar:99e402c7b4a7c417ad40dba3a487aac01d7dd38d amrex:0495381007db8b4f34e702c3ee6882b5940b5307 warpx:2941977007d8fb9638a13b8c80d591c23790a5aa ,1,6,1,0,2019_09_21_11_13_37,2.0760000000000005,0.35419999999999996
101,2019-09-21 11:21:13.564448,automated_test_3_uniform_drift_4ppc,picsar:99e402c7b4a7c417ad40dba3a487aac01d7dd38d amrex:0495381007db8b4f34e702c3ee6882b5940b5307 warpx:2941977007d8fb9638a13b8c80d591c23790a5aa ,1,6,1,1,2019_09_21_11_13_37,2.1529999999999996,0.3564
102,2019-09-21 11:21:13.623409,automated_test_4_labdiags_2ppc,picsar:99e402c7b4a7c417ad40dba3a487aac01d7dd38d amrex:0495381007db8b4f34e702c3ee6882b5940b5307 warpx:2941977007d8fb9638a13b8c80d591c23790a5aa ,1,6,1,0,2019_09_21_11_13_37,27.019999999999996,0.3284
103,2019-09-21 11:21:13.678909,automated_test_4_labdiags_2ppc,picsar:99e402c7b4a7c417ad40dba3a487aac01d7dd38d amrex:0495381007db8b4f34e702c3ee6882b5940b5307 warpx:2941977007d8fb9638a13b8c80d591c23790a5aa ,1,6,1,1,2019_09_21_11_13_37,26.880000000000003,0.3472
104,2019-09-21 11:21:13.734535,automated_test_5_loadimbalance,picsar:99e402c7b4a7c417ad40dba3a487aac01d7dd38d amrex:0495381007db8b4f34e702c3ee6882b5940b5307 warpx:2941977007d8fb9638a13b8c80d591c23790a5aa ,1,6,1,0,2019_09_21_11_13_37,1.7389999999999999,0.41180000000000005
105,2019-09-21 11:21:13.800501,automated_test_5_loadimbalance,picsar:99e402c7b4a7c417ad40dba3a487aac01d7dd38d amrex:0495381007db8b4f34e702c3ee6882b5940b5307 warpx:2941977007d8fb9638a13b8c80d591c23790a5aa ,1,6,1,1,2019_09_21_11_13_37,1.6929999999999996,0.40330000000000005
106,2019-09-21 11:21:13.857547,automated_test_6_output_2ppc,picsar:99e402c7b4a7c417ad40dba3a487aac01d7dd38d amrex:0495381007db8b4f34e702c3ee6882b5940b5307 warpx:2941977007d8fb9638a13b8c80d591c23790a5aa ,1,6,1,0,2019_09_21_11_13_37,11.769994784,9.991
107,2019-09-21 11:21:13.913226,automated_test_6_output_2ppc,picsar:99e402c7b4a7c417ad40dba3a487aac01d7dd38d amrex:0495381007db8b4f34e702c3ee6882b5940b5307 warpx:2941977007d8fb9638a13b8c80d591c23790a5aa ,1,6,1,1,2019_09_21_11_13_37,11.719994806,10.07
108,2019-09-21 11:21:13.970365,automated_test_1_uniform_rest_32ppc,picsar:99e402c7b4a7c417ad40dba3a487aac01d7dd38d amrex:0495381007db8b4f34e702c3ee6882b5940b5307 warpx:2941977007d8fb9638a13b8c80d591c23790a5aa ,2,6,1,0,2019_09_21_11_13_37,1.1360000000000001,0.2061
109,2019-09-21 11:21:14.027842,automated_test_1_uniform_rest_32ppc,picsar:99e402c7b4a7c417ad40dba3a487aac01d7dd38d amrex:0495381007db8b4f34e702c3ee6882b5940b5307 warpx:2941977007d8fb9638a13b8c80d591c23790a5aa ,2,6,1,1,2019_09_21_11_13_37,1.2069999999999999,0.21760000000000002
110,2019-09-21 11:21:14.084704,automated_test_2_uniform_rest_1ppc,picsar:99e402c7b4a7c417ad40dba3a487aac01d7dd38d amrex:0495381007db8b4f34e702c3ee6882b5940b5307 warpx:2941977007d8fb9638a13b8c80d591c23790a5aa ,2,6,1,0,2019_09_21_11_13_37,1.3200000000000003,2.123
111,2019-09-21 11:21:14.150731,automated_test_2_uniform_rest_1ppc,picsar:99e402c7b4a7c417ad40dba3a487aac01d7dd38d amrex:0495381007db8b4f34e702c3ee6882b5940b5307 warpx:2941977007d8fb9638a13b8c80d591c23790a5aa ,2,6,1,1,2019_09_21_11_13_37,1.3299999999999983,2.112
112,2019-09-21 11:21:14.208147,automated_test_3_uniform_drift_4ppc,picsar:99e402c7b4a7c417ad40dba3a487aac01d7dd38d amrex:0495381007db8b4f34e702c3ee6882b5940b5307 warpx:2941977007d8fb9638a13b8c80d591c23790a5aa ,2,6,1,0,2019_09_21_11_13_37,2.2089999999999996,0.4003
113,2019-09-21 11:21:14.265117,automated_test_3_uniform_drift_4ppc,picsar:99e402c7b4a7c417ad40dba3a487aac01d7dd38d amrex:0495381007db8b4f34e702c3ee6882b5940b5307 warpx:2941977007d8fb9638a13b8c80d591c23790a5aa ,2,6,1,1,2019_09_21_11_13_37,2.2270000000000003,0.4063
114,2019-09-21 11:21:14.323363,automated_test_4_labdiags_2ppc,picsar:99e402c7b4a7c417ad40dba3a487aac01d7dd38d amrex:0495381007db8b4f34e702c3ee6882b5940b5307 warpx:2941977007d8fb9638a13b8c80d591c23790a5aa ,2,6,1,0,2019_09_21_11_13_37,27.839999999999996,0.2842
115,2019-09-21 11:21:14.381533,automated_test_4_labdiags_2ppc,picsar:99e402c7b4a7c417ad40dba3a487aac01d7dd38d amrex:0495381007db8b4f34e702c3ee6882b5940b5307 warpx:2941977007d8fb9638a13b8c80d591c23790a5aa ,2,6,1,1,2019_09_21_11_13_37,28.35,0.2842
116,2019-09-21 11:21:14.437848,automated_test_5_loadimbalance,picsar:99e402c7b4a7c417ad40dba3a487aac01d7dd38d amrex:0495381007db8b4f34e702c3ee6882b5940b5307 warpx:2941977007d8fb9638a13b8c80d591c23790a5aa ,2,6,1,0,2019_09_21_11_13_37,1.7170000000000005,0.4406
117,2019-09-21 11:21:14.494002,automated_test_5_loadimbalance,picsar:99e402c7b4a7c417ad40dba3a487aac01d7dd38d amrex:0495381007db8b4f34e702c3ee6882b5940b5307 warpx:2941977007d8fb9638a13b8c80d591c23790a5aa ,2,6,1,1,2019_09_21_11_13_37,1.8250000000000002,0.43010000000000004
118,2019-09-21 11:21:14.549258,automated_test_6_output_2ppc,picsar:99e402c7b4a7c417ad40dba3a487aac01d7dd38d amrex:0495381007db8b4f34e702c3ee6882b5940b5307 warpx:2941977007d8fb9638a13b8c80d591c23790a5aa ,2,6,1,0,2019_09_21_11_13_37,9.049994824,7.595
119,2019-09-21 11:21:14.612568,automated_test_6_output_2ppc,picsar:99e402c7b4a7c417ad40dba3a487aac01d7dd38d amrex:0495381007db8b4f34e702c3ee6882b5940b5307 warpx:2941977007d8fb9638a13b8c80d591c23790a5aa ,2,6,1,1,2019_09_21_11_13_37,9.049994728000001,7.598
120,2019-09-21 11:21:14.670705,automated_test_1_uniform_rest_32ppc,picsar:99e402c7b4a7c417ad40dba3a487aac01d7dd38d amrex:0495381007db8b4f34e702c3ee6882b5940b5307 warpx:2941977007d8fb9638a13b8c80d591c23790a5aa ,8,6,1,0,2019_09_21_11_13_37,1.213,0.23700000000000002
121,2019-09-21 11:21:14.727645,automated_test_1_uniform_rest_32ppc,picsar:99e402c7b4a7c417ad40dba3a487aac01d7dd38d amrex:0495381007db8b4f34e702c3ee6882b5940b5307 warpx:2941977007d8fb9638a13b8c80d591c23790a5aa ,8,6,1,1,2019_09_21_11_13_37,1.145,0.2384
122,2019-09-21 11:21:14.785801,automated_test_2_uniform_rest_1ppc,picsar:99e402c7b4a7c417ad40dba3a487aac01d7dd38d amrex:0495381007db8b4f34e702c3ee6882b5940b5307 warpx:2941977007d8fb9638a13b8c80d591c23790a5aa ,8,6,1,0,2019_09_21_11_13_37,1.2699999999999996,1.812
123,2019-09-21 11:21:14.842918,automated_test_2_uniform_rest_1ppc,picsar:99e402c7b4a7c417ad40dba3a487aac01d7dd38d amrex:0495381007db8b4f34e702c3ee6882b5940b5307 warpx:2941977007d8fb9638a13b8c80d591c23790a5aa ,8,6,1,1,2019_09_21_11_13_37,1.3000000000000007,1.816
124,2019-09-21 11:21:14.900580,automated_test_3_uniform_drift_4ppc,picsar:99e402c7b4a7c417ad40dba3a487aac01d7dd38d amrex:0495381007db8b4f34e702c3ee6882b5940b5307 warpx:2941977007d8fb9638a13b8c80d591c23790a5aa ,8,6,1,0,2019_09_21_11_13_37,2.1659999999999995,0.40590000000000004
125,2019-09-21 11:21:14.958002,automated_test_3_uniform_drift_4ppc,picsar:99e402c7b4a7c417ad40dba3a487aac01d7dd38d amrex:0495381007db8b4f34e702c3ee6882b5940b5307 warpx:2941977007d8fb9638a13b8c80d591c23790a5aa ,8,6,1,1,2019_09_21_11_13_37,2.176,0.4032
126,2019-09-21 11:21:15.013290,automated_test_4_labdiags_2ppc,picsar:99e402c7b4a7c417ad40dba3a487aac01d7dd38d amrex:0495381007db8b4f34e702c3ee6882b5940b5307 warpx:2941977007d8fb9638a13b8c80d591c23790a5aa ,8,6,1,0,2019_09_21_11_13_37,17.019999999999996,0.3284
127,2019-09-21 11:21:15.066712,automated_test_4_labdiags_2ppc,picsar:99e402c7b4a7c417ad40dba3a487aac01d7dd38d amrex:0495381007db8b4f34e702c3ee6882b5940b5307 warpx:2941977007d8fb9638a13b8c80d591c23790a5aa ,8,6,1,1,2019_09_21_11_13_37,16.900000000000002,0.35259999999999997
128,2019-09-21 11:21:15.119181,automated_test_5_loadimbalance,picsar:99e402c7b4a7c417ad40dba3a487aac01d7dd38d amrex:0495381007db8b4f34e702c3ee6882b5940b5307 warpx:2941977007d8fb9638a13b8c80d591c23790a5aa ,8,6,1,0,2019_09_21_11_13_37,1.9510000000000005,0.7958999999999999
129,2019-09-21 11:21:15.171180,automated_test_5_loadimbalance,picsar:99e402c7b4a7c417ad40dba3a487aac01d7dd38d amrex:0495381007db8b4f34e702c3ee6882b5940b5307 warpx:2941977007d8fb9638a13b8c80d591c23790a5aa ,8,6,1,1,2019_09_21_11_13_37,1.8230000000000004,0.799
130,2019-09-21 11:21:15.226288,automated_test_6_output_2ppc,picsar:99e402c7b4a7c417ad40dba3a487aac01d7dd38d amrex:0495381007db8b4f34e702c3ee6882b5940b5307 warpx:2941977007d8fb9638a13b8c80d591c23790a5aa ,8,6,1,0,2019_09_21_11_13_37,9.378994714,7.922
131,2019-09-21 11:21:15.278213,automated_test_6_output_2ppc,picsar:99e402c7b4a7c417ad40dba3a487aac01d7dd38d amrex:0495381007db8b4f34e702c3ee6882b5940b5307 warpx:2941977007d8fb9638a13b8c80d591c23790a5aa ,8,6,1,1,2019_09_21_11_13_37,8.978994707,7.563
132,2019-09-21 11:21:15.333742,automated_test_1_uniform_rest_32ppc,picsar:99e402c7b4a7c417ad40dba3a487aac01d7dd38d amrex:0495381007db8b4f34e702c3ee6882b5940b5307 warpx:2941977007d8fb9638a13b8c80d591c23790a5aa ,64,6,1,0,2019_09_21_11_13_37,1.198,0.2597
133,2019-09-21 11:21:15.387342,automated_test_1_uniform_rest_32ppc,picsar:99e402c7b4a7c417ad40dba3a487aac01d7dd38d amrex:0495381007db8b4f34e702c3ee6882b5940b5307 warpx:2941977007d8fb9638a13b8c80d591c23790a5aa ,64,6,1,1,2019_09_21_11_13_37,1.2560000000000002,0.26339999999999997
134,2019-09-21 11:21:15.444226,automated_test_2_uniform_rest_1ppc,picsar:99e402c7b4a7c417ad40dba3a487aac01d7dd38d amrex:0495381007db8b4f34e702c3ee6882b5940b5307 warpx:2941977007d8fb9638a13b8c80d591c23790a5aa ,64,6,1,0,2019_09_21_11_13_37,1.33,1.419
135,2019-09-21 11:21:15.498182,automated_test_2_uniform_rest_1ppc,picsar:99e402c7b4a7c417ad40dba3a487aac01d7dd38d amrex:0495381007db8b4f34e702c3ee6882b5940b5307 warpx:2941977007d8fb9638a13b8c80d591c23790a5aa ,64,6,1,1,2019_09_21_11_13_37,1.3499999999999996,1.4380000000000002
136,2019-09-21 11:21:15.551849,automated_test_3_uniform_drift_4ppc,picsar:99e402c7b4a7c417ad40dba3a487aac01d7dd38d amrex:0495381007db8b4f34e702c3ee6882b5940b5307 warpx:2941977007d8fb9638a13b8c80d591c23790a5aa ,64,6,1,0,2019_09_21_11_13_37,2.2649999999999997,0.41500000000000004
137,2019-09-21 11:21:15.606097,automated_test_3_uniform_drift_4ppc,picsar:99e402c7b4a7c417ad40dba3a487aac01d7dd38d amrex:0495381007db8b4f34e702c3ee6882b5940b5307 warpx:2941977007d8fb9638a13b8c80d591c23790a5aa ,64,6,1,1,2019_09_21_11_13_37,2.2940000000000005,0.42089999999999994
138,2019-09-21 11:21:15.662050,automated_test_4_labdiags_2ppc,picsar:99e402c7b4a7c417ad40dba3a487aac01d7dd38d amrex:0495381007db8b4f34e702c3ee6882b5940b5307 warpx:2941977007d8fb9638a13b8c80d591c23790a5aa ,64,6,1,0,2019_09_21_11_13_37,12.850000000000001,0.3262
139,2019-09-21 11:21:15.715510,automated_test_4_labdiags_2ppc,picsar:99e402c7b4a7c417ad40dba3a487aac01d7dd38d amrex:0495381007db8b4f34e702c3ee6882b5940b5307 warpx:2941977007d8fb9638a13b8c80d591c23790a5aa ,64,6,1,1,2019_09_21_11_13_37,12.880000000000003,0.34159999999999996
140,2019-09-21 11:21:15.767597,automated_test_5_loadimbalance,picsar:99e402c7b4a7c417ad40dba3a487aac01d7dd38d amrex:0495381007db8b4f34e702c3ee6882b5940b5307 warpx:2941977007d8fb9638a13b8c80d591c23790a5aa ,64,6,1,0,2019_09_21_11_13_37,1.8599999999999994,0.849
141,2019-09-21 11:21:15.820921,automated_test_5_loadimbalance,picsar:99e402c7b4a7c417ad40dba3a487aac01d7dd38d amrex:0495381007db8b4f34e702c3ee6882b5940b5307 warpx:2941977007d8fb9638a13b8c80d591c23790a5aa ,64,6,1,1,2019_09_21_11_13_37,1.9489999999999998,0.9061
142,2019-09-21 11:21:15.872447,automated_test_6_output_2ppc,picsar:99e402c7b4a7c417ad40dba3a487aac01d7dd38d amrex:0495381007db8b4f34e702c3ee6882b5940b5307 warpx:2941977007d8fb9638a13b8c80d591c23790a5aa ,64,6,1,0,2019_09_21_11_13_37,9.655994638000001,8.164
143,2019-09-21 11:21:15.925805,automated_test_6_output_2ppc,picsar:99e402c7b4a7c417ad40dba3a487aac01d7dd38d amrex:0495381007db8b4f34e702c3ee6882b5940b5307 warpx:2941977007d8fb9638a13b8c80d591c23790a5aa ,64,6,1,1,2019_09_21_11_13_37,9.604994648,8.175
144,2019-09-21 11:40:33.380579,automated_test_1_uniform_rest_32ppc,picsar:99e402c7b4a7c417ad40dba3a487aac01d7dd38d amrex:0495381007db8b4f34e702c3ee6882b5940b5307 warpx:4e5a6e90bf38efcb75bfb16d0dbb33367f60faaf ,1,6,1,0,2019_09_21_11_33_08,1.1100000000000003,0.2002
145,2019-09-21 11:40:34.540182,automated_test_1_uniform_rest_32ppc,picsar:99e402c7b4a7c417ad40dba3a487aac01d7dd38d amrex:0495381007db8b4f34e702c3ee6882b5940b5307 warpx:4e5a6e90bf38efcb75bfb16d0dbb33367f60faaf ,1,6,1,1,2019_09_21_11_33_08,1.1280000000000001,0.20379999999999998
146,2019-09-21 11:40:34.823593,automated_test_2_uniform_rest_1ppc,picsar:99e402c7b4a7c417ad40dba3a487aac01d7dd38d amrex:0495381007db8b4f34e702c3ee6882b5940b5307 warpx:4e5a6e90bf38efcb75bfb16d0dbb33367f60faaf ,1,6,1,0,2019_09_21_11_33_08,1.25,2.549
147,2019-09-21 11:40:34.879986,automated_test_2_uniform_rest_1ppc,picsar:99e402c7b4a7c417ad40dba3a487aac01d7dd38d amrex:0495381007db8b4f34e702c3ee6882b5940b5307 warpx:4e5a6e90bf38efcb75bfb16d0dbb33367f60faaf ,1,6,1,1,2019_09_21_11_33_08,1.2200000000000024,2.574
148,2019-09-21 11:40:34.937218,automated_test_3_uniform_drift_4ppc,picsar:99e402c7b4a7c417ad40dba3a487aac01d7dd38d amrex:0495381007db8b4f34e702c3ee6882b5940b5307 warpx:4e5a6e90bf38efcb75bfb16d0dbb33367f60faaf ,1,6,1,0,2019_09_21_11_33_08,2.2329999999999997,0.3734
149,2019-09-21 11:40:34.994335,automated_test_3_uniform_drift_4ppc,picsar:99e402c7b4a7c417ad40dba3a487aac01d7dd38d amrex:0495381007db8b4f34e702c3ee6882b5940b5307 warpx:4e5a6e90bf38efcb75bfb16d0dbb33367f60faaf ,1,6,1,1,2019_09_21_11_33_08,2.2670000000000003,0.3766
150,2019-09-21 11:40:35.051997,automated_test_4_labdiags_2ppc,picsar:99e402c7b4a7c417ad40dba3a487aac01d7dd38d amrex:0495381007db8b4f34e702c3ee6882b5940b5307 warpx:4e5a6e90bf38efcb75bfb16d0dbb33367f60faaf ,1,6,1,0,2019_09_21_11_33_08,26.74,0.3468
151,2019-09-21 11:40:35.110908,automated_test_4_labdiags_2ppc,picsar:99e402c7b4a7c417ad40dba3a487aac01d7dd38d amrex:0495381007db8b4f34e702c3ee6882b5940b5307 warpx:4e5a6e90bf38efcb75bfb16d0dbb33367f60faaf ,1,6,1,1,2019_09_21_11_33_08,27.02,0.34619999999999995
152,2019-09-21 11:40:35.166513,automated_test_5_loadimbalance,picsar:99e402c7b4a7c417ad40dba3a487aac01d7dd38d amrex:0495381007db8b4f34e702c3ee6882b5940b5307 warpx:4e5a6e90bf38efcb75bfb16d0dbb33367f60faaf ,1,6,1,0,2019_09_21_11_33_08,1.758,0.4051
153,2019-09-21 11:40:35.224808,automated_test_5_loadimbalance,picsar:99e402c7b4a7c417ad40dba3a487aac01d7dd38d amrex:0495381007db8b4f34e702c3ee6882b5940b5307 warpx:4e5a6e90bf38efcb75bfb16d0dbb33367f60faaf ,1,6,1,1,2019_09_21_11_33_08,1.7990000000000004,0.4135
154,2019-09-21 11:40:35.325769,automated_test_6_output_2ppc,picsar:99e402c7b4a7c417ad40dba3a487aac01d7dd38d amrex:0495381007db8b4f34e702c3ee6882b5940b5307 warpx:4e5a6e90bf38efcb75bfb16d0dbb33367f60faaf ,1,6,1,0,2019_09_21_11_33_08,11.689994741,10.01
155,2019-09-21 11:40:35.382559,automated_test_6_output_2ppc,picsar:99e402c7b4a7c417ad40dba3a487aac01d7dd38d amrex:0495381007db8b4f34e702c3ee6882b5940b5307 warpx:4e5a6e90bf38efcb75bfb16d0dbb33367f60faaf ,1,6,1,1,2019_09_21_11_33_08,11.819994628,10.13
156,2019-09-21 11:40:35.439344,automated_test_1_uniform_rest_32ppc,picsar:99e402c7b4a7c417ad40dba3a487aac01d7dd38d amrex:0495381007db8b4f34e702c3ee6882b5940b5307 warpx:4e5a6e90bf38efcb75bfb16d0dbb33367f60faaf ,2,6,1,0,2019_09_21_11_33_08,1.1139999999999999,0.2144
157,2019-09-21 11:40:35.495033,automated_test_1_uniform_rest_32ppc,picsar:99e402c7b4a7c417ad40dba3a487aac01d7dd38d amrex:0495381007db8b4f34e702c3ee6882b5940b5307 warpx:4e5a6e90bf38efcb75bfb16d0dbb33367f60faaf ,2,6,1,1,2019_09_21_11_33_08,1.1469999999999998,0.20550000000000002
158,2019-09-21 11:40:35.552457,automated_test_2_uniform_rest_1ppc,picsar:99e402c7b4a7c417ad40dba3a487aac01d7dd38d amrex:0495381007db8b4f34e702c3ee6882b5940b5307 warpx:4e5a6e90bf38efcb75bfb16d0dbb33367f60faaf ,2,6,1,0,2019_09_21_11_33_08,1.2800000000000011,2.195
159,2019-09-21 11:40:35.610237,automated_test_2_uniform_rest_1ppc,picsar:99e402c7b4a7c417ad40dba3a487aac01d7dd38d amrex:0495381007db8b4f34e702c3ee6882b5940b5307 warpx:4e5a6e90bf38efcb75bfb16d0dbb33367f60faaf ,2,6,1,1,2019_09_21_11_33_08,1.2699999999999996,2.178
160,2019-09-21 11:40:35.668608,automated_test_3_uniform_drift_4ppc,picsar:99e402c7b4a7c417ad40dba3a487aac01d7dd38d amrex:0495381007db8b4f34e702c3ee6882b5940b5307 warpx:4e5a6e90bf38efcb75bfb16d0dbb33367f60faaf ,2,6,1,0,2019_09_21_11_33_08,2.219,0.3986
161,2019-09-21 11:40:35.725840,automated_test_3_uniform_drift_4ppc,picsar:99e402c7b4a7c417ad40dba3a487aac01d7dd38d amrex:0495381007db8b4f34e702c3ee6882b5940b5307 warpx:4e5a6e90bf38efcb75bfb16d0dbb33367f60faaf ,2,6,1,1,2019_09_21_11_33_08,2.21,0.40650000000000003
162,2019-09-21 11:40:35.835136,automated_test_4_labdiags_2ppc,picsar:99e402c7b4a7c417ad40dba3a487aac01d7dd38d amrex:0495381007db8b4f34e702c3ee6882b5940b5307 warpx:4e5a6e90bf38efcb75bfb16d0dbb33367f60faaf ,2,6,1,0,2019_09_21_11_33_08,28.349999999999994,0.2862
163,2019-09-21 11:40:35.891895,automated_test_4_labdiags_2ppc,picsar:99e402c7b4a7c417ad40dba3a487aac01d7dd38d amrex:0495381007db8b4f34e702c3ee6882b5940b5307 warpx:4e5a6e90bf38efcb75bfb16d0dbb33367f60faaf ,2,6,1,1,2019_09_21_11_33_08,28.15,0.2834
164,2019-09-21 11:40:35.958380,automated_test_5_loadimbalance,picsar:99e402c7b4a7c417ad40dba3a487aac01d7dd38d amrex:0495381007db8b4f34e702c3ee6882b5940b5307 warpx:4e5a6e90bf38efcb75bfb16d0dbb33367f60faaf ,2,6,1,0,2019_09_21_11_33_08,1.7280000000000006,0.48179999999999995
165,2019-09-21 11:40:36.016870,automated_test_5_loadimbalance,picsar:99e402c7b4a7c417ad40dba3a487aac01d7dd38d amrex:0495381007db8b4f34e702c3ee6882b5940b5307 warpx:4e5a6e90bf38efcb75bfb16d0dbb33367f60faaf ,2,6,1,1,2019_09_21_11_33_08,1.8840000000000003,0.43079999999999996
166,2019-09-21 11:40:36.072082,automated_test_6_output_2ppc,picsar:99e402c7b4a7c417ad40dba3a487aac01d7dd38d amrex:0495381007db8b4f34e702c3ee6882b5940b5307 warpx:4e5a6e90bf38efcb75bfb16d0dbb33367f60faaf ,2,6,1,0,2019_09_21_11_33_08,8.971994706,7.525
167,2019-09-21 11:40:36.139445,automated_test_6_output_2ppc,picsar:99e402c7b4a7c417ad40dba3a487aac01d7dd38d amrex:0495381007db8b4f34e702c3ee6882b5940b5307 warpx:4e5a6e90bf38efcb75bfb16d0dbb33367f60faaf ,2,6,1,1,2019_09_21_11_33_08,8.992994753,7.555
168,2019-09-21 11:40:36.199963,automated_test_1_uniform_rest_32ppc,picsar:99e402c7b4a7c417ad40dba3a487aac01d7dd38d amrex:0495381007db8b4f34e702c3ee6882b5940b5307 warpx:4e5a6e90bf38efcb75bfb16d0dbb33367f60faaf ,8,6,1,0,2019_09_21_11_33_08,1.1279999999999997,0.23820000000000002
169,2019-09-21 11:40:36.259154,automated_test_1_uniform_rest_32ppc,picsar:99e402c7b4a7c417ad40dba3a487aac01d7dd38d amrex:0495381007db8b4f34e702c3ee6882b5940b5307 warpx:4e5a6e90bf38efcb75bfb16d0dbb33367f60faaf ,8,6,1,1,2019_09_21_11_33_08,1.146,0.2358
170,2019-09-21 11:40:36.317762,automated_test_2_uniform_rest_1ppc,picsar:99e402c7b4a7c417ad40dba3a487aac01d7dd38d amrex:0495381007db8b4f34e702c3ee6882b5940b5307 warpx:4e5a6e90bf38efcb75bfb16d0dbb33367f60faaf ,8,6,1,0,2019_09_21_11_33_08,1.259999999999998,1.828
171,2019-09-21 11:40:36.375235,automated_test_2_uniform_rest_1ppc,picsar:99e402c7b4a7c417ad40dba3a487aac01d7dd38d amrex:0495381007db8b4f34e702c3ee6882b5940b5307 warpx:4e5a6e90bf38efcb75bfb16d0dbb33367f60faaf ,8,6,1,1,2019_09_21_11_33_08,1.2199999999999989,1.841
172,2019-09-21 11:40:36.432966,automated_test_3_uniform_drift_4ppc,picsar:99e402c7b4a7c417ad40dba3a487aac01d7dd38d amrex:0495381007db8b4f34e702c3ee6882b5940b5307 warpx:4e5a6e90bf38efcb75bfb16d0dbb33367f60faaf ,8,6,1,0,2019_09_21_11_33_08,2.2170000000000005,0.40049999999999997
173,2019-09-21 11:40:36.490615,automated_test_3_uniform_drift_4ppc,picsar:99e402c7b4a7c417ad40dba3a487aac01d7dd38d amrex:0495381007db8b4f34e702c3ee6882b5940b5307 warpx:4e5a6e90bf38efcb75bfb16d0dbb33367f60faaf ,8,6,1,1,2019_09_21_11_33_08,2.2190000000000003,0.40449999999999997
174,2019-09-21 11:40:36.547451,automated_test_4_labdiags_2ppc,picsar:99e402c7b4a7c417ad40dba3a487aac01d7dd38d amrex:0495381007db8b4f34e702c3ee6882b5940b5307 warpx:4e5a6e90bf38efcb75bfb16d0dbb33367f60faaf ,8,6,1,0,2019_09_21_11_33_08,16.74,0.3382
175,2019-09-21 11:40:36.604021,automated_test_4_labdiags_2ppc,picsar:99e402c7b4a7c417ad40dba3a487aac01d7dd38d amrex:0495381007db8b4f34e702c3ee6882b5940b5307 warpx:4e5a6e90bf38efcb75bfb16d0dbb33367f60faaf ,8,6,1,1,2019_09_21_11_33_08,17.03,0.33159999999999995
176,2019-09-21 11:40:36.658866,automated_test_5_loadimbalance,picsar:99e402c7b4a7c417ad40dba3a487aac01d7dd38d amrex:0495381007db8b4f34e702c3ee6882b5940b5307 warpx:4e5a6e90bf38efcb75bfb16d0dbb33367f60faaf ,8,6,1,0,2019_09_21_11_33_08,1.918000000000001,0.8055
177,2019-09-21 11:40:36.715583,automated_test_5_loadimbalance,picsar:99e402c7b4a7c417ad40dba3a487aac01d7dd38d amrex:0495381007db8b4f34e702c3ee6882b5940b5307 warpx:4e5a6e90bf38efcb75bfb16d0dbb33367f60faaf ,8,6,1,1,2019_09_21_11_33_08,1.9260000000000002,0.7933
178,2019-09-21 11:40:36.772166,automated_test_6_output_2ppc,picsar:99e402c7b4a7c417ad40dba3a487aac01d7dd38d amrex:0495381007db8b4f34e702c3ee6882b5940b5307 warpx:4e5a6e90bf38efcb75bfb16d0dbb33367f60faaf ,8,6,1,0,2019_09_21_11_33_08,8.965994659,7.557
179,2019-09-21 11:40:36.828990,automated_test_6_output_2ppc,picsar:99e402c7b4a7c417ad40dba3a487aac01d7dd38d amrex:0495381007db8b4f34e702c3ee6882b5940b5307 warpx:4e5a6e90bf38efcb75bfb16d0dbb33367f60faaf ,8,6,1,1,2019_09_21_11_33_08,9.045994776999999,7.642
180,2019-09-21 11:40:36.893784,automated_test_1_uniform_rest_32ppc,picsar:99e402c7b4a7c417ad40dba3a487aac01d7dd38d amrex:0495381007db8b4f34e702c3ee6882b5940b5307 warpx:4e5a6e90bf38efcb75bfb16d0dbb33367f60faaf ,64,6,1,0,2019_09_21_11_33_08,1.5939999999999999,0.26030000000000003
181,2019-09-21 11:40:36.949304,automated_test_1_uniform_rest_32ppc,picsar:99e402c7b4a7c417ad40dba3a487aac01d7dd38d amrex:0495381007db8b4f34e702c3ee6882b5940b5307 warpx:4e5a6e90bf38efcb75bfb16d0dbb33367f60faaf ,64,6,1,1,2019_09_21_11_33_08,1.2550000000000003,0.2647
182,2019-09-21 11:40:37.006465,automated_test_2_uniform_rest_1ppc,picsar:99e402c7b4a7c417ad40dba3a487aac01d7dd38d amrex:0495381007db8b4f34e702c3ee6882b5940b5307 warpx:4e5a6e90bf38efcb75bfb16d0dbb33367f60faaf ,64,6,1,0,2019_09_21_11_33_08,2.1099999999999977,1.463
183,2019-09-21 11:40:37.065175,automated_test_2_uniform_rest_1ppc,picsar:99e402c7b4a7c417ad40dba3a487aac01d7dd38d amrex:0495381007db8b4f34e702c3ee6882b5940b5307 warpx:4e5a6e90bf38efcb75bfb16d0dbb33367f60faaf ,64,6,1,1,2019_09_21_11_33_08,4.18,1.486
184,2019-09-21 11:40:37.124136,automated_test_3_uniform_drift_4ppc,picsar:99e402c7b4a7c417ad40dba3a487aac01d7dd38d amrex:0495381007db8b4f34e702c3ee6882b5940b5307 warpx:4e5a6e90bf38efcb75bfb16d0dbb33367f60faaf ,64,6,1,0,2019_09_21_11_33_08,2.386,0.4173
185,2019-09-21 11:40:37.185721,automated_test_3_uniform_drift_4ppc,picsar:99e402c7b4a7c417ad40dba3a487aac01d7dd38d amrex:0495381007db8b4f34e702c3ee6882b5940b5307 warpx:4e5a6e90bf38efcb75bfb16d0dbb33367f60faaf ,64,6,1,1,2019_09_21_11_33_08,3.096,0.41509999999999997
186,2019-09-21 11:40:37.245670,automated_test_4_labdiags_2ppc,picsar:99e402c7b4a7c417ad40dba3a487aac01d7dd38d amrex:0495381007db8b4f34e702c3ee6882b5940b5307 warpx:4e5a6e90bf38efcb75bfb16d0dbb33367f60faaf ,64,6,1,0,2019_09_21_11_33_08,13.049999999999999,0.31379999999999997
187,2019-09-21 11:40:37.303213,automated_test_4_labdiags_2ppc,picsar:99e402c7b4a7c417ad40dba3a487aac01d7dd38d amrex:0495381007db8b4f34e702c3ee6882b5940b5307 warpx:4e5a6e90bf38efcb75bfb16d0dbb33367f60faaf ,64,6,1,1,2019_09_21_11_33_08,13.09,0.3368
188,2019-09-21 11:40:37.358601,automated_test_5_loadimbalance,picsar:99e402c7b4a7c417ad40dba3a487aac01d7dd38d amrex:0495381007db8b4f34e702c3ee6882b5940b5307 warpx:4e5a6e90bf38efcb75bfb16d0dbb33367f60faaf ,64,6,1,0,2019_09_21_11_33_08,1.904,0.8476000000000001
189,2019-09-21 11:40:37.416508,automated_test_5_loadimbalance,picsar:99e402c7b4a7c417ad40dba3a487aac01d7dd38d amrex:0495381007db8b4f34e702c3ee6882b5940b5307 warpx:4e5a6e90bf38efcb75bfb16d0dbb33367f60faaf ,64,6,1,1,2019_09_21_11_33_08,1.9339999999999993,0.8436
190,2019-09-21 11:40:37.479508,automated_test_6_output_2ppc,picsar:99e402c7b4a7c417ad40dba3a487aac01d7dd38d amrex:0495381007db8b4f34e702c3ee6882b5940b5307 warpx:4e5a6e90bf38efcb75bfb16d0dbb33367f60faaf ,64,6,1,0,2019_09_21_11_33_08,10.069994663000001,8.585
191,2019-09-21 11:40:37.540703,automated_test_6_output_2ppc,picsar:99e402c7b4a7c417ad40dba3a487aac01d7dd38d amrex:0495381007db8b4f34e702c3ee6882b5940b5307 warpx:4e5a6e90bf38efcb75bfb16d0dbb33367f60faaf ,64,6,1,1,2019_09_21_11_33_08,10.219994644,8.262
192,2019-10-23 17:18:58.064419,automated_test_1_uniform_rest_32ppc,picsar:5e28bcc350da7fda6125c42b8c8701cfe1b0ecdf amrex:435945dbe9a47a9747de5ec04e4d9da25c2a3ebe warpx:cb015e5aae22d6688583b8cd23ab72df10ac4b12 ,1,6,1,0,2019_10_23_17_15_26,0.5390000000000001,0.14079999999999998
193,2019-10-23 17:18:58.919737,automated_test_1_uniform_rest_32ppc,picsar:5e28bcc350da7fda6125c42b8c8701cfe1b0ecdf amrex:435945dbe9a47a9747de5ec04e4d9da25c2a3ebe warpx:cb015e5aae22d6688583b8cd23ab72df10ac4b12 ,1,6,1,1,2019_10_23_17_15_26,0.5390000000000001,0.1402
194,2019-10-23 17:18:58.977158,automated_test_2_uniform_rest_1ppc,picsar:5e28bcc350da7fda6125c42b8c8701cfe1b0ecdf amrex:435945dbe9a47a9747de5ec04e4d9da25c2a3ebe warpx:cb015e5aae22d6688583b8cd23ab72df10ac4b12 ,1,6,1,0,2019_10_23_17_15_26,0.6850000000000005,0.4084
195,2019-10-23 17:18:59.034467,automated_test_2_uniform_rest_1ppc,picsar:5e28bcc350da7fda6125c42b8c8701cfe1b0ecdf amrex:435945dbe9a47a9747de5ec04e4d9da25c2a3ebe warpx:cb015e5aae22d6688583b8cd23ab72df10ac4b12 ,1,6,1,1,2019_10_23_17_15_26,0.7040000000000006,0.41
196,2019-10-23 17:18:59.092568,automated_test_3_uniform_drift_4ppc,picsar:5e28bcc350da7fda6125c42b8c8701cfe1b0ecdf amrex:435945dbe9a47a9747de5ec04e4d9da25c2a3ebe warpx:cb015e5aae22d6688583b8cd23ab72df10ac4b12 ,1,6,1,0,2019_10_23_17_15_26,0.9869999999999997,0.3103
197,2019-10-23 17:18:59.147968,automated_test_3_uniform_drift_4ppc,picsar:5e28bcc350da7fda6125c42b8c8701cfe1b0ecdf amrex:435945dbe9a47a9747de5ec04e4d9da25c2a3ebe warpx:cb015e5aae22d6688583b8cd23ab72df10ac4b12 ,1,6,1,1,2019_10_23_17_15_26,0.9469999999999996,0.31
198,2019-10-23 17:18:59.207426,automated_test_4_labdiags_2ppc,picsar:5e28bcc350da7fda6125c42b8c8701cfe1b0ecdf amrex:435945dbe9a47a9747de5ec04e4d9da25c2a3ebe warpx:cb015e5aae22d6688583b8cd23ab72df10ac4b12 ,1,6,1,0,2019_10_23_17_15_26,2.1599999999999966,1.806
199,2019-10-23 17:26:45.447282,automated_test_1_uniform_rest_32ppc,picsar:5e28bcc350da7fda6125c42b8c8701cfe1b0ecdf amrex:435945dbe9a47a9747de5ec04e4d9da25c2a3ebe warpx:cb015e5aae22d6688583b8cd23ab72df10ac4b12 ,1,6,1,0,2019_10_23_17_15_26,0.5390000000000001,0.14079999999999998
200,2019-10-23 17:26:45.989098,automated_test_1_uniform_rest_32ppc,picsar:5e28bcc350da7fda6125c42b8c8701cfe1b0ecdf amrex:435945dbe9a47a9747de5ec04e4d9da25c2a3ebe warpx:cb015e5aae22d6688583b8cd23ab72df10ac4b12 ,1,6,1,1,2019_10_23_17_15_26,0.5390000000000001,0.1402
201,2019-10-23 17:26:46.048364,automated_test_2_uniform_rest_1ppc,picsar:5e28bcc350da7fda6125c42b8c8701cfe1b0ecdf amrex:435945dbe9a47a9747de5ec04e4d9da25c2a3ebe warpx:cb015e5aae22d6688583b8cd23ab72df10ac4b12 ,1,6,1,0,2019_10_23_17_15_26,0.6850000000000005,0.4084
202,2019-10-23 17:26:46.117117,automated_test_2_uniform_rest_1ppc,picsar:5e28bcc350da7fda6125c42b8c8701cfe1b0ecdf amrex:435945dbe9a47a9747de5ec04e4d9da25c2a3ebe warpx:cb015e5aae22d6688583b8cd23ab72df10ac4b12 ,1,6,1,1,2019_10_23_17_15_26,0.7040000000000006,0.41
203,2019-10-23 17:26:46.174257,automated_test_3_uniform_drift_4ppc,picsar:5e28bcc350da7fda6125c42b8c8701cfe1b0ecdf amrex:435945dbe9a47a9747de5ec04e4d9da25c2a3ebe warpx:cb015e5aae22d6688583b8cd23ab72df10ac4b12 ,1,6,1,0,2019_10_23_17_15_26,0.9869999999999997,0.3103
204,2019-10-23 17:26:46.230109,automated_test_3_uniform_drift_4ppc,picsar:5e28bcc350da7fda6125c42b8c8701cfe1b0ecdf amrex:435945dbe9a47a9747de5ec04e4d9da25c2a3ebe warpx:cb015e5aae22d6688583b8cd23ab72df10ac4b12 ,1,6,1,1,2019_10_23_17_15_26,0.9469999999999996,0.31
205,2019-10-23 17:26:46.289103,automated_test_4_labdiags_2ppc,picsar:5e28bcc350da7fda6125c42b8c8701cfe1b0ecdf amrex:435945dbe9a47a9747de5ec04e4d9da25c2a3ebe warpx:cb015e5aae22d6688583b8cd23ab72df10ac4b12 ,1,6,1,0,2019_10_23_17_15_26,2.1599999999999966,1.806
206,2019-10-23 17:26:46.347006,automated_test_4_labdiags_2ppc,picsar:5e28bcc350da7fda6125c42b8c8701cfe1b0ecdf amrex:435945dbe9a47a9747de5ec04e4d9da25c2a3ebe warpx:cb015e5aae22d6688583b8cd23ab72df10ac4b12 ,1,6,1,1,2019_10_23_17_15_26,2.1699999999999875,1.8258
207,2019-10-23 17:38:02.562711,automated_test_1_uniform_rest_32ppc,picsar:5e28bcc350da7fda6125c42b8c8701cfe1b0ecdf amrex:435945dbe9a47a9747de5ec04e4d9da25c2a3ebe warpx:cb015e5aae22d6688583b8cd23ab72df10ac4b12 ,1,6,1,0,2019_10_23_17_34_40,0.6039999999999999,0.1402
208,2019-10-23 17:38:03.597865,automated_test_1_uniform_rest_32ppc,picsar:5e28bcc350da7fda6125c42b8c8701cfe1b0ecdf amrex:435945dbe9a47a9747de5ec04e4d9da25c2a3ebe warpx:cb015e5aae22d6688583b8cd23ab72df10ac4b12 ,1,6,1,1,2019_10_23_17_34_40,0.5900000000000001,0.141
209,2019-10-23 17:38:03.656812,automated_test_2_uniform_rest_1ppc,picsar:5e28bcc350da7fda6125c42b8c8701cfe1b0ecdf amrex:435945dbe9a47a9747de5ec04e4d9da25c2a3ebe warpx:cb015e5aae22d6688583b8cd23ab72df10ac4b12 ,1,6,1,0,2019_10_23_17_34_40,0.7590000000000003,0.409
210,2019-10-23 17:38:03.715377,automated_test_2_uniform_rest_1ppc,picsar:5e28bcc350da7fda6125c42b8c8701cfe1b0ecdf amrex:435945dbe9a47a9747de5ec04e4d9da25c2a3ebe warpx:cb015e5aae22d6688583b8cd23ab72df10ac4b12 ,1,6,1,1,2019_10_23_17_34_40,0.7599999999999998,0.40970000000000006
211,2019-10-23 17:38:03.772810,automated_test_3_uniform_drift_4ppc,picsar:5e28bcc350da7fda6125c42b8c8701cfe1b0ecdf amrex:435945dbe9a47a9747de5ec04e4d9da25c2a3ebe warpx:cb015e5aae22d6688583b8cd23ab72df10ac4b12 ,1,6,1,0,2019_10_23_17_34_40,1.04,0.3109
212,2019-10-23 17:38:03.831381,automated_test_3_uniform_drift_4ppc,picsar:5e28bcc350da7fda6125c42b8c8701cfe1b0ecdf amrex:435945dbe9a47a9747de5ec04e4d9da25c2a3ebe warpx:cb015e5aae22d6688583b8cd23ab72df10ac4b12 ,1,6,1,1,2019_10_23_17_34_40,1.0539999999999998,0.3113
213,2019-10-23 17:38:03.889534,automated_test_4_labdiags_2ppc,picsar:5e28bcc350da7fda6125c42b8c8701cfe1b0ecdf amrex:435945dbe9a47a9747de5ec04e4d9da25c2a3ebe warpx:cb015e5aae22d6688583b8cd23ab72df10ac4b12 ,1,6,1,0,2019_10_23_17_34_40,2.1200000000000045,1.5188
214,2019-10-23 17:51:02.388436,automated_test_1_uniform_rest_32ppc,picsar:5e28bcc350da7fda6125c42b8c8701cfe1b0ecdf amrex:435945dbe9a47a9747de5ec04e4d9da25c2a3ebe warpx:cb015e5aae22d6688583b8cd23ab72df10ac4b12 ,1,6,1,0,2019_10_23_17_47_57,0.5960000000000001,0.1384
215,2019-10-23 17:51:03.308694,automated_test_1_uniform_rest_32ppc,picsar:5e28bcc350da7fda6125c42b8c8701cfe1b0ecdf amrex:435945dbe9a47a9747de5ec04e4d9da25c2a3ebe warpx:cb015e5aae22d6688583b8cd23ab72df10ac4b12 ,1,6,1,1,2019_10_23_17_47_57,0.5970000000000002,0.1402
216,2019-10-23 17:51:03.378388,automated_test_2_uniform_rest_1ppc,picsar:5e28bcc350da7fda6125c42b8c8701cfe1b0ecdf amrex:435945dbe9a47a9747de5ec04e4d9da25c2a3ebe warpx:cb015e5aae22d6688583b8cd23ab72df10ac4b12 ,1,6,1,0,2019_10_23_17_47_57,0.7640000000000002,0.41059999999999997
217,2019-10-23 17:51:03.439130,automated_test_2_uniform_rest_1ppc,picsar:5e28bcc350da7fda6125c42b8c8701cfe1b0ecdf amrex:435945dbe9a47a9747de5ec04e4d9da25c2a3ebe warpx:cb015e5aae22d6688583b8cd23ab72df10ac4b12 ,1,6,1,1,2019_10_23_17_47_57,0.7690000000000001,0.41200000000000003
218,2019-10-23 17:51:03.496764,automated_test_3_uniform_drift_4ppc,picsar:5e28bcc350da7fda6125c42b8c8701cfe1b0ecdf amrex:435945dbe9a47a9747de5ec04e4d9da25c2a3ebe warpx:cb015e5aae22d6688583b8cd23ab72df10ac4b12 ,1,6,1,0,2019_10_23_17_47_57,1.0160000000000005,0.3105
219,2019-10-23 17:51:03.553003,automated_test_3_uniform_drift_4ppc,picsar:5e28bcc350da7fda6125c42b8c8701cfe1b0ecdf amrex:435945dbe9a47a9747de5ec04e4d9da25c2a3ebe warpx:cb015e5aae22d6688583b8cd23ab72df10ac4b12 ,1,6,1,1,2019_10_23_17_47_57,1.0700000000000003,0.3122
220,2019-10-23 17:51:03.613059,automated_test_4_labdiags_2ppc,picsar:5e28bcc350da7fda6125c42b8c8701cfe1b0ecdf amrex:435945dbe9a47a9747de5ec04e4d9da25c2a3ebe warpx:cb015e5aae22d6688583b8cd23ab72df10ac4b12 ,1,6,1,0,2019_10_23_17_47_57,1.3999999999999986,0.37560000000000004
221,2019-10-23 17:51:03.670749,automated_test_4_labdiags_2ppc,picsar:5e28bcc350da7fda6125c42b8c8701cfe1b0ecdf amrex:435945dbe9a47a9747de5ec04e4d9da25c2a3ebe warpx:cb015e5aae22d6688583b8cd23ab72df10ac4b12 ,1,6,1,1,2019_10_23_17_47_57,1.3900000000000006,0.3768
222,2019-10-23 17:51:03.726670,automated_test_5_loadimbalance,picsar:5e28bcc350da7fda6125c42b8c8701cfe1b0ecdf amrex:435945dbe9a47a9747de5ec04e4d9da25c2a3ebe warpx:cb015e5aae22d6688583b8cd23ab72df10ac4b12 ,1,6,1,0,2019_10_23_17_47_57,0.2309,0.03658
223,2019-10-23 17:51:03.783582,automated_test_5_loadimbalance,picsar:5e28bcc350da7fda6125c42b8c8701cfe1b0ecdf amrex:435945dbe9a47a9747de5ec04e4d9da25c2a3ebe warpx:cb015e5aae22d6688583b8cd23ab72df10ac4b12 ,1,6,1,1,2019_10_23_17_47_57,0.22909999999999997,0.037919999999999995
224,2019-10-23 17:51:03.840427,automated_test_6_output_2ppc,picsar:5e28bcc350da7fda6125c42b8c8701cfe1b0ecdf amrex:435945dbe9a47a9747de5ec04e4d9da25c2a3ebe warpx:cb015e5aae22d6688583b8cd23ab72df10ac4b12 ,1,6,1,0,2019_10_23_17_47_57,7.635995307,6.145
225,2019-10-23 17:51:03.897819,automated_test_6_output_2ppc,picsar:5e28bcc350da7fda6125c42b8c8701cfe1b0ecdf amrex:435945dbe9a47a9747de5ec04e4d9da25c2a3ebe warpx:cb015e5aae22d6688583b8cd23ab72df10ac4b12 ,1,6,1,1,2019_10_23_17_47_57,7.563995266,6.066
226,2019-10-23 17:51:03.957553,automated_test_1_uniform_rest_32ppc,picsar:5e28bcc350da7fda6125c42b8c8701cfe1b0ecdf amrex:435945dbe9a47a9747de5ec04e4d9da25c2a3ebe warpx:cb015e5aae22d6688583b8cd23ab72df10ac4b12 ,2,6,1,0,2019_10_23_17_47_57,0.587,0.14250000000000002
227,2019-10-23 17:51:04.016289,automated_test_1_uniform_rest_32ppc,picsar:5e28bcc350da7fda6125c42b8c8701cfe1b0ecdf amrex:435945dbe9a47a9747de5ec04e4d9da25c2a3ebe warpx:cb015e5aae22d6688583b8cd23ab72df10ac4b12 ,2,6,1,1,2019_10_23_17_47_57,0.6000000000000001,0.1431
228,2019-10-23 17:51:04.074941,automated_test_2_uniform_rest_1ppc,picsar:5e28bcc350da7fda6125c42b8c8701cfe1b0ecdf amrex:435945dbe9a47a9747de5ec04e4d9da25c2a3ebe warpx:cb015e5aae22d6688583b8cd23ab72df10ac4b12 ,2,6,1,0,2019_10_23_17_47_57,0.7530000000000001,0.426
229,2019-10-23 17:51:04.132952,automated_test_2_uniform_rest_1ppc,picsar:5e28bcc350da7fda6125c42b8c8701cfe1b0ecdf amrex:435945dbe9a47a9747de5ec04e4d9da25c2a3ebe warpx:cb015e5aae22d6688583b8cd23ab72df10ac4b12 ,2,6,1,1,2019_10_23_17_47_57,0.7519999999999998,0.4258
230,2019-10-23 17:51:04.191559,automated_test_3_uniform_drift_4ppc,picsar:5e28bcc350da7fda6125c42b8c8701cfe1b0ecdf amrex:435945dbe9a47a9747de5ec04e4d9da25c2a3ebe warpx:cb015e5aae22d6688583b8cd23ab72df10ac4b12 ,2,6,1,0,2019_10_23_17_47_57,1.065,0.3222
231,2019-10-23 17:51:04.248914,automated_test_3_uniform_drift_4ppc,picsar:5e28bcc350da7fda6125c42b8c8701cfe1b0ecdf amrex:435945dbe9a47a9747de5ec04e4d9da25c2a3ebe warpx:cb015e5aae22d6688583b8cd23ab72df10ac4b12 ,2,6,1,1,2019_10_23_17_47_57,1.072,0.32320000000000004
232,2019-10-23 17:51:04.309418,automated_test_4_labdiags_2ppc,picsar:5e28bcc350da7fda6125c42b8c8701cfe1b0ecdf amrex:435945dbe9a47a9747de5ec04e4d9da25c2a3ebe warpx:cb015e5aae22d6688583b8cd23ab72df10ac4b12 ,2,6,1,0,2019_10_23_17_47_57,0.6490000000000009,0.19182
233,2019-10-23 17:51:04.367153,automated_test_4_labdiags_2ppc,picsar:5e28bcc350da7fda6125c42b8c8701cfe1b0ecdf amrex:435945dbe9a47a9747de5ec04e4d9da25c2a3ebe warpx:cb015e5aae22d6688583b8cd23ab72df10ac4b12 ,2,6,1,1,2019_10_23_17_47_57,0.6110000000000007,0.18898
234,2019-10-23 17:51:04.423522,automated_test_5_loadimbalance,picsar:5e28bcc350da7fda6125c42b8c8701cfe1b0ecdf amrex:435945dbe9a47a9747de5ec04e4d9da25c2a3ebe warpx:cb015e5aae22d6688583b8cd23ab72df10ac4b12 ,2,6,1,0,2019_10_23_17_47_57,0.23470000000000008,0.03838
235,2019-10-23 17:51:04.480689,automated_test_5_loadimbalance,picsar:5e28bcc350da7fda6125c42b8c8701cfe1b0ecdf amrex:435945dbe9a47a9747de5ec04e4d9da25c2a3ebe warpx:cb015e5aae22d6688583b8cd23ab72df10ac4b12 ,2,6,1,1,2019_10_23_17_47_57,0.23789999999999994,0.03946
236,2019-10-23 17:51:04.538876,automated_test_6_output_2ppc,picsar:5e28bcc350da7fda6125c42b8c8701cfe1b0ecdf amrex:435945dbe9a47a9747de5ec04e4d9da25c2a3ebe warpx:cb015e5aae22d6688583b8cd23ab72df10ac4b12 ,2,6,1,0,2019_10_23_17_47_57,5.328995162,4.647
237,2019-10-23 17:51:04.598504,automated_test_6_output_2ppc,picsar:5e28bcc350da7fda6125c42b8c8701cfe1b0ecdf amrex:435945dbe9a47a9747de5ec04e4d9da25c2a3ebe warpx:cb015e5aae22d6688583b8cd23ab72df10ac4b12 ,2,6,1,1,2019_10_23_17_47_57,5.282995272,4.605
238,2019-10-23 21:27:51.649454,automated_test_1_uniform_rest_32ppc,picsar:5e28bcc350da7fda6125c42b8c8701cfe1b0ecdf amrex:58dbb83dde3819c47889fcc87c66e3586b65f675 warpx:4e1de98954f7f0acef04efe092a43256eabb8a91 ,1,6,1,0,2019_10_23_18_08_28,0.538,0.1402
239,2019-10-23 21:27:52.539115,automated_test_1_uniform_rest_32ppc,picsar:5e28bcc350da7fda6125c42b8c8701cfe1b0ecdf amrex:58dbb83dde3819c47889fcc87c66e3586b65f675 warpx:4e1de98954f7f0acef04efe092a43256eabb8a91 ,1,6,1,1,2019_10_23_18_08_28,0.5980000000000001,0.1406
240,2019-10-23 21:27:52.700498,automated_test_2_uniform_rest_1ppc,picsar:5e28bcc350da7fda6125c42b8c8701cfe1b0ecdf amrex:58dbb83dde3819c47889fcc87c66e3586b65f675 warpx:4e1de98954f7f0acef04efe092a43256eabb8a91 ,1,6,1,0,2019_10_23_18_08_28,0.6929999999999996,0.4128
241,2019-10-23 21:27:52.762394,automated_test_2_uniform_rest_1ppc,picsar:5e28bcc350da7fda6125c42b8c8701cfe1b0ecdf amrex:58dbb83dde3819c47889fcc87c66e3586b65f675 warpx:4e1de98954f7f0acef04efe092a43256eabb8a91 ,1,6,1,1,2019_10_23_18_08_28,0.7629999999999999,0.4117
242,2019-10-23 21:27:52.822615,automated_test_3_uniform_drift_4ppc,picsar:5e28bcc350da7fda6125c42b8c8701cfe1b0ecdf amrex:58dbb83dde3819c47889fcc87c66e3586b65f675 warpx:4e1de98954f7f0acef04efe092a43256eabb8a91 ,1,6,1,0,2019_10_23_18_08_28,1.0529999999999995,0.3095
243,2019-10-23 21:27:52.908933,automated_test_3_uniform_drift_4ppc,picsar:5e28bcc350da7fda6125c42b8c8701cfe1b0ecdf amrex:58dbb83dde3819c47889fcc87c66e3586b65f675 warpx:4e1de98954f7f0acef04efe092a43256eabb8a91 ,1,6,1,1,2019_10_23_18_08_28,1.0529999999999995,0.3103
244,2019-10-23 21:27:53.013677,automated_test_4_labdiags_2ppc,picsar:5e28bcc350da7fda6125c42b8c8701cfe1b0ecdf amrex:58dbb83dde3819c47889fcc87c66e3586b65f675 warpx:4e1de98954f7f0acef04efe092a43256eabb8a91 ,1,6,1,0,2019_10_23_18_08_28,1.3999999999999986,0.376
245,2019-10-23 21:27:53.073639,automated_test_4_labdiags_2ppc,picsar:5e28bcc350da7fda6125c42b8c8701cfe1b0ecdf amrex:58dbb83dde3819c47889fcc87c66e3586b65f675 warpx:4e1de98954f7f0acef04efe092a43256eabb8a91 ,1,6,1,1,2019_10_23_18_08_28,1.2199999999999989,0.37560000000000004
246,2019-10-23 21:27:53.132517,automated_test_5_loadimbalance,picsar:5e28bcc350da7fda6125c42b8c8701cfe1b0ecdf amrex:58dbb83dde3819c47889fcc87c66e3586b65f675 warpx:4e1de98954f7f0acef04efe092a43256eabb8a91 ,1,6,1,0,2019_10_23_18_08_28,0.23160000000000003,0.03749
247,2019-10-23 21:27:53.195005,automated_test_5_loadimbalance,picsar:5e28bcc350da7fda6125c42b8c8701cfe1b0ecdf amrex:58dbb83dde3819c47889fcc87c66e3586b65f675 warpx:4e1de98954f7f0acef04efe092a43256eabb8a91 ,1,6,1,1,2019_10_23_18_08_28,0.22939999999999994,0.03839
248,2019-10-23 21:27:53.289018,automated_test_6_output_2ppc,picsar:5e28bcc350da7fda6125c42b8c8701cfe1b0ecdf amrex:58dbb83dde3819c47889fcc87c66e3586b65f675 warpx:4e1de98954f7f0acef04efe092a43256eabb8a91 ,1,6,1,0,2019_10_23_18_08_28,7.553995007,6.069
249,2019-10-23 21:27:53.351324,automated_test_6_output_2ppc,picsar:5e28bcc350da7fda6125c42b8c8701cfe1b0ecdf amrex:58dbb83dde3819c47889fcc87c66e3586b65f675 warpx:4e1de98954f7f0acef04efe092a43256eabb8a91 ,1,6,1,1,2019_10_23_18_08_28,7.434995248,6.05
250,2019-10-23 21:27:53.443194,automated_test_1_uniform_rest_32ppc,picsar:5e28bcc350da7fda6125c42b8c8701cfe1b0ecdf amrex:58dbb83dde3819c47889fcc87c66e3586b65f675 warpx:4e1de98954f7f0acef04efe092a43256eabb8a91 ,2,6,1,0,2019_10_23_18_08_28,0.6080000000000001,0.1423
251,2019-10-23 21:27:53.503832,automated_test_1_uniform_rest_32ppc,picsar:5e28bcc350da7fda6125c42b8c8701cfe1b0ecdf amrex:58dbb83dde3819c47889fcc87c66e3586b65f675 warpx:4e1de98954f7f0acef04efe092a43256eabb8a91 ,2,6,1,1,2019_10_23_18_08_28,0.6020000000000001,0.14250000000000002
252,2019-10-23 21:27:53.565430,automated_test_2_uniform_rest_1ppc,picsar:5e28bcc350da7fda6125c42b8c8701cfe1b0ecdf amrex:58dbb83dde3819c47889fcc87c66e3586b65f675 warpx:4e1de98954f7f0acef04efe092a43256eabb8a91 ,2,6,1,0,2019_10_23_18_08_28,0.7610000000000001,0.4239
253,2019-10-23 21:27:53.631310,automated_test_2_uniform_rest_1ppc,picsar:5e28bcc350da7fda6125c42b8c8701cfe1b0ecdf amrex:58dbb83dde3819c47889fcc87c66e3586b65f675 warpx:4e1de98954f7f0acef04efe092a43256eabb8a91 ,2,6,1,1,2019_10_23_18_08_28,0.7549999999999999,0.4248
254,2019-10-23 21:27:53.691951,automated_test_3_uniform_drift_4ppc,picsar:5e28bcc350da7fda6125c42b8c8701cfe1b0ecdf amrex:58dbb83dde3819c47889fcc87c66e3586b65f675 warpx:4e1de98954f7f0acef04efe092a43256eabb8a91 ,2,6,1,0,2019_10_23_18_08_28,1.0699999999999998,0.3227
255,2019-10-23 21:27:53.777711,automated_test_3_uniform_drift_4ppc,picsar:5e28bcc350da7fda6125c42b8c8701cfe1b0ecdf amrex:58dbb83dde3819c47889fcc87c66e3586b65f675 warpx:4e1de98954f7f0acef04efe092a43256eabb8a91 ,2,6,1,1,2019_10_23_18_08_28,1.0629999999999997,0.3224
256,2019-10-23 21:27:53.840936,automated_test_4_labdiags_2ppc,picsar:5e28bcc350da7fda6125c42b8c8701cfe1b0ecdf amrex:58dbb83dde3819c47889fcc87c66e3586b65f675 warpx:4e1de98954f7f0acef04efe092a43256eabb8a91 ,2,6,1,0,2019_10_23_18_08_28,0.6180000000000003,0.17088
257,2019-10-23 21:27:53.901714,automated_test_4_labdiags_2ppc,picsar:5e28bcc350da7fda6125c42b8c8701cfe1b0ecdf amrex:58dbb83dde3819c47889fcc87c66e3586b65f675 warpx:4e1de98954f7f0acef04efe092a43256eabb8a91 ,2,6,1,1,2019_10_23_18_08_28,0.6590000000000007,0.1732
258,2019-10-23 21:27:53.964138,automated_test_5_loadimbalance,picsar:5e28bcc350da7fda6125c42b8c8701cfe1b0ecdf amrex:58dbb83dde3819c47889fcc87c66e3586b65f675 warpx:4e1de98954f7f0acef04efe092a43256eabb8a91 ,2,6,1,0,2019_10_23_18_08_28,0.2334,0.04077
259,2019-10-23 21:27:54.027074,automated_test_5_loadimbalance,picsar:5e28bcc350da7fda6125c42b8c8701cfe1b0ecdf amrex:58dbb83dde3819c47889fcc87c66e3586b65f675 warpx:4e1de98954f7f0acef04efe092a43256eabb8a91 ,2,6,1,1,2019_10_23_18_08_28,0.23489999999999994,0.039760000000000004
260,2019-10-23 21:27:54.087910,automated_test_6_output_2ppc,picsar:5e28bcc350da7fda6125c42b8c8701cfe1b0ecdf amrex:58dbb83dde3819c47889fcc87c66e3586b65f675 warpx:4e1de98954f7f0acef04efe092a43256eabb8a91 ,2,6,1,0,2019_10_23_18_08_28,5.289995208,4.627
261,2019-10-23 21:27:54.151516,automated_test_6_output_2ppc,picsar:5e28bcc350da7fda6125c42b8c8701cfe1b0ecdf amrex:58dbb83dde3819c47889fcc87c66e3586b65f675 warpx:4e1de98954f7f0acef04efe092a43256eabb8a91 ,2,6,1,1,2019_10_23_18_08_28,5.206995263,4.545
262,2019-10-23 21:27:54.236729,automated_test_1_uniform_rest_32ppc,picsar:5e28bcc350da7fda6125c42b8c8701cfe1b0ecdf amrex:58dbb83dde3819c47889fcc87c66e3586b65f675 warpx:4e1de98954f7f0acef04efe092a43256eabb8a91 ,8,6,1,0,2019_10_23_18_08_28,0.6000000000000001,0.144
263,2019-10-23 21:27:54.298768,automated_test_1_uniform_rest_32ppc,picsar:5e28bcc350da7fda6125c42b8c8701cfe1b0ecdf amrex:58dbb83dde3819c47889fcc87c66e3586b65f675 warpx:4e1de98954f7f0acef04efe092a43256eabb8a91 ,8,6,1,1,2019_10_23_18_08_28,0.5940000000000001,0.1442
264,2019-10-23 21:27:54.359907,automated_test_2_uniform_rest_1ppc,picsar:5e28bcc350da7fda6125c42b8c8701cfe1b0ecdf amrex:58dbb83dde3819c47889fcc87c66e3586b65f675 warpx:4e1de98954f7f0acef04efe092a43256eabb8a91 ,8,6,1,0,2019_10_23_18_08_28,0.718,0.4918
265,2019-10-23 21:27:54.422206,automated_test_2_uniform_rest_1ppc,picsar:5e28bcc350da7fda6125c42b8c8701cfe1b0ecdf amrex:58dbb83dde3819c47889fcc87c66e3586b65f675 warpx:4e1de98954f7f0acef04efe092a43256eabb8a91 ,8,6,1,1,2019_10_23_18_08_28,0.7389999999999999,0.4958
266,2019-10-23 21:27:54.508020,automated_test_3_uniform_drift_4ppc,picsar:5e28bcc350da7fda6125c42b8c8701cfe1b0ecdf amrex:58dbb83dde3819c47889fcc87c66e3586b65f675 warpx:4e1de98954f7f0acef04efe092a43256eabb8a91 ,8,6,1,0,2019_10_23_18_08_28,1.0609999999999995,0.3241
267,2019-10-23 21:27:54.568983,automated_test_3_uniform_drift_4ppc,picsar:5e28bcc350da7fda6125c42b8c8701cfe1b0ecdf amrex:58dbb83dde3819c47889fcc87c66e3586b65f675 warpx:4e1de98954f7f0acef04efe092a43256eabb8a91 ,8,6,1,1,2019_10_23_18_08_28,1.0629999999999997,0.32320000000000004
268,2019-10-23 21:27:54.632779,automated_test_4_labdiags_2ppc,picsar:5e28bcc350da7fda6125c42b8c8701cfe1b0ecdf amrex:58dbb83dde3819c47889fcc87c66e3586b65f675 warpx:4e1de98954f7f0acef04efe092a43256eabb8a91 ,8,6,1,0,2019_10_23_18_08_28,0.6100000000000012,0.2656
269,2019-10-23 21:27:54.699353,automated_test_4_labdiags_2ppc,picsar:5e28bcc350da7fda6125c42b8c8701cfe1b0ecdf amrex:58dbb83dde3819c47889fcc87c66e3586b65f675 warpx:4e1de98954f7f0acef04efe092a43256eabb8a91 ,8,6,1,1,2019_10_23_18_08_28,0.620000000000001,0.2608
270,2019-10-23 21:27:54.761024,automated_test_5_loadimbalance,picsar:5e28bcc350da7fda6125c42b8c8701cfe1b0ecdf amrex:58dbb83dde3819c47889fcc87c66e3586b65f675 warpx:4e1de98954f7f0acef04efe092a43256eabb8a91 ,8,6,1,0,2019_10_23_18_08_28,0.22749999999999998,0.04251
271,2019-10-23 21:27:54.822962,automated_test_5_loadimbalance,picsar:5e28bcc350da7fda6125c42b8c8701cfe1b0ecdf amrex:58dbb83dde3819c47889fcc87c66e3586b65f675 warpx:4e1de98954f7f0acef04efe092a43256eabb8a91 ,8,6,1,1,2019_10_23_18_08_28,0.2459,0.04135
272,2019-10-23 21:27:54.889437,automated_test_6_output_2ppc,picsar:5e28bcc350da7fda6125c42b8c8701cfe1b0ecdf amrex:58dbb83dde3819c47889fcc87c66e3586b65f675 warpx:4e1de98954f7f0acef04efe092a43256eabb8a91 ,8,6,1,0,2019_10_23_18_08_28,5.45499518,4.788
273,2019-10-23 21:27:54.961683,automated_test_6_output_2ppc,picsar:5e28bcc350da7fda6125c42b8c8701cfe1b0ecdf amrex:58dbb83dde3819c47889fcc87c66e3586b65f675 warpx:4e1de98954f7f0acef04efe092a43256eabb8a91 ,8,6,1,1,2019_10_23_18_08_28,5.436995222,4.773
274,2019-10-23 21:27:55.066466,automated_test_1_uniform_rest_32ppc,picsar:5e28bcc350da7fda6125c42b8c8701cfe1b0ecdf amrex:58dbb83dde3819c47889fcc87c66e3586b65f675 warpx:4e1de98954f7f0acef04efe092a43256eabb8a91 ,64,6,1,0,2019_10_23_18_08_28,0.6060000000000001,0.1523
275,2019-10-23 21:27:55.128131,automated_test_1_uniform_rest_32ppc,picsar:5e28bcc350da7fda6125c42b8c8701cfe1b0ecdf amrex:58dbb83dde3819c47889fcc87c66e3586b65f675 warpx:4e1de98954f7f0acef04efe092a43256eabb8a91 ,64,6,1,1,2019_10_23_18_08_28,0.5890000000000002,0.149
276,2019-10-23 21:27:55.197263,automated_test_2_uniform_rest_1ppc,picsar:5e28bcc350da7fda6125c42b8c8701cfe1b0ecdf amrex:58dbb83dde3819c47889fcc87c66e3586b65f675 warpx:4e1de98954f7f0acef04efe092a43256eabb8a91 ,64,6,1,0,2019_10_23_18_08_28,0.7800000000000002,0.4928
277,2019-10-23 21:27:55.257352,automated_test_2_uniform_rest_1ppc,picsar:5e28bcc350da7fda6125c42b8c8701cfe1b0ecdf amrex:58dbb83dde3819c47889fcc87c66e3586b65f675 warpx:4e1de98954f7f0acef04efe092a43256eabb8a91 ,64,6,1,1,2019_10_23_18_08_28,0.7430000000000003,0.49029999999999996
278,2019-10-23 21:27:55.319752,automated_test_3_uniform_drift_4ppc,picsar:5e28bcc350da7fda6125c42b8c8701cfe1b0ecdf amrex:58dbb83dde3819c47889fcc87c66e3586b65f675 warpx:4e1de98954f7f0acef04efe092a43256eabb8a91 ,64,6,1,0,2019_10_23_18_08_28,1.0699999999999998,0.33340000000000003
279,2019-10-23 21:27:55.380471,automated_test_3_uniform_drift_4ppc,picsar:5e28bcc350da7fda6125c42b8c8701cfe1b0ecdf amrex:58dbb83dde3819c47889fcc87c66e3586b65f675 warpx:4e1de98954f7f0acef04efe092a43256eabb8a91 ,64,6,1,1,2019_10_23_18_08_28,1.096,0.3378
280,2019-10-23 21:27:55.444793,automated_test_4_labdiags_2ppc,picsar:5e28bcc350da7fda6125c42b8c8701cfe1b0ecdf amrex:58dbb83dde3819c47889fcc87c66e3586b65f675 warpx:4e1de98954f7f0acef04efe092a43256eabb8a91 ,64,6,1,0,2019_10_23_18_08_28,0.6000000000000014,0.21719999999999998
281,2019-10-23 21:27:55.505814,automated_test_4_labdiags_2ppc,picsar:5e28bcc350da7fda6125c42b8c8701cfe1b0ecdf amrex:58dbb83dde3819c47889fcc87c66e3586b65f675 warpx:4e1de98954f7f0acef04efe092a43256eabb8a91 ,64,6,1,1,2019_10_23_18_08_28,0.5800000000000001,0.20579999999999998
282,2019-10-23 21:27:55.594968,automated_test_5_loadimbalance,picsar:5e28bcc350da7fda6125c42b8c8701cfe1b0ecdf amrex:58dbb83dde3819c47889fcc87c66e3586b65f675 warpx:4e1de98954f7f0acef04efe092a43256eabb8a91 ,64,6,1,0,2019_10_23_18_08_28,0.25930000000000003,0.04844
283,2019-10-23 21:27:55.676996,automated_test_5_loadimbalance,picsar:5e28bcc350da7fda6125c42b8c8701cfe1b0ecdf amrex:58dbb83dde3819c47889fcc87c66e3586b65f675 warpx:4e1de98954f7f0acef04efe092a43256eabb8a91 ,64,6,1,1,2019_10_23_18_08_28,0.2485,0.043109999999999996
284,2019-10-23 21:27:55.738676,automated_test_6_output_2ppc,picsar:5e28bcc350da7fda6125c42b8c8701cfe1b0ecdf amrex:58dbb83dde3819c47889fcc87c66e3586b65f675 warpx:4e1de98954f7f0acef04efe092a43256eabb8a91 ,64,6,1,0,2019_10_23_18_08_28,5.971995276,5.301
285,2019-10-23 21:27:55.811777,automated_test_6_output_2ppc,picsar:5e28bcc350da7fda6125c42b8c8701cfe1b0ecdf amrex:58dbb83dde3819c47889fcc87c66e3586b65f675 warpx:4e1de98954f7f0acef04efe092a43256eabb8a91 ,64,6,1,1,2019_10_23_18_08_28,6.597995268,5.932
286,2019-10-23 21:27:55.901924,automated_test_1_uniform_rest_32ppc,picsar:5e28bcc350da7fda6125c42b8c8701cfe1b0ecdf amrex:58dbb83dde3819c47889fcc87c66e3586b65f675 warpx:4e1de98954f7f0acef04efe092a43256eabb8a91 ,256,6,1,0,2019_10_23_18_08_28,0.5660000000000001,0.15660000000000002
287,2019-10-23 21:27:55.988607,automated_test_1_uniform_rest_32ppc,picsar:5e28bcc350da7fda6125c42b8c8701cfe1b0ecdf amrex:58dbb83dde3819c47889fcc87c66e3586b65f675 warpx:4e1de98954f7f0acef04efe092a43256eabb8a91 ,256,6,1,1,2019_10_23_18_08_28,0.587,0.1575
288,2019-10-23 21:27:56.060076,automated_test_2_uniform_rest_1ppc,picsar:5e28bcc350da7fda6125c42b8c8701cfe1b0ecdf amrex:58dbb83dde3819c47889fcc87c66e3586b65f675 warpx:4e1de98954f7f0acef04efe092a43256eabb8a91 ,256,6,1,0,2019_10_23_18_08_28,0.7529999999999992,0.5009
289,2019-10-23 21:27:56.144718,automated_test_2_uniform_rest_1ppc,picsar:5e28bcc350da7fda6125c42b8c8701cfe1b0ecdf amrex:58dbb83dde3819c47889fcc87c66e3586b65f675 warpx:4e1de98954f7f0acef04efe092a43256eabb8a91 ,256,6,1,1,2019_10_23_18_08_28,0.7480000000000002,0.5019
290,2019-10-23 21:27:56.231087,automated_test_3_uniform_drift_4ppc,picsar:5e28bcc350da7fda6125c42b8c8701cfe1b0ecdf amrex:58dbb83dde3819c47889fcc87c66e3586b65f675 warpx:4e1de98954f7f0acef04efe092a43256eabb8a91 ,256,6,1,0,2019_10_23_18_08_28,1.076,0.33599999999999997
291,2019-10-23 21:27:56.289225,automated_test_3_uniform_drift_4ppc,picsar:5e28bcc350da7fda6125c42b8c8701cfe1b0ecdf amrex:58dbb83dde3819c47889fcc87c66e3586b65f675 warpx:4e1de98954f7f0acef04efe092a43256eabb8a91 ,256,6,1,1,2019_10_23_18_08_28,1.0939999999999999,0.33740000000000003
292,2019-10-23 21:27:56.377141,automated_test_4_labdiags_2ppc,picsar:5e28bcc350da7fda6125c42b8c8701cfe1b0ecdf amrex:58dbb83dde3819c47889fcc87c66e3586b65f675 warpx:4e1de98954f7f0acef04efe092a43256eabb8a91 ,256,6,1,0,2019_10_23_18_08_28,0.5800000000000001,0.2016
293,2019-10-23 21:27:56.467445,automated_test_4_labdiags_2ppc,picsar:5e28bcc350da7fda6125c42b8c8701cfe1b0ecdf amrex:58dbb83dde3819c47889fcc87c66e3586b65f675 warpx:4e1de98954f7f0acef04efe092a43256eabb8a91 ,256,6,1,1,2019_10_23_18_08_28,0.6189999999999998,0.18922
294,2019-10-23 21:27:56.549587,automated_test_5_loadimbalance,picsar:5e28bcc350da7fda6125c42b8c8701cfe1b0ecdf amrex:58dbb83dde3819c47889fcc87c66e3586b65f675 warpx:4e1de98954f7f0acef04efe092a43256eabb8a91 ,256,6,1,0,2019_10_23_18_08_28,0.22759999999999997,0.04683
295,2019-10-23 21:27:56.661872,automated_test_5_loadimbalance,picsar:5e28bcc350da7fda6125c42b8c8701cfe1b0ecdf amrex:58dbb83dde3819c47889fcc87c66e3586b65f675 warpx:4e1de98954f7f0acef04efe092a43256eabb8a91 ,256,6,1,1,2019_10_23_18_08_28,0.19940000000000002,0.04316
296,2019-10-23 21:27:56.768382,automated_test_6_output_2ppc,picsar:5e28bcc350da7fda6125c42b8c8701cfe1b0ecdf amrex:58dbb83dde3819c47889fcc87c66e3586b65f675 warpx:4e1de98954f7f0acef04efe092a43256eabb8a91 ,256,6,1,0,2019_10_23_18_08_28,10.6099955,9.94
297,2019-10-23 21:27:56.850290,automated_test_6_output_2ppc,picsar:5e28bcc350da7fda6125c42b8c8701cfe1b0ecdf amrex:58dbb83dde3819c47889fcc87c66e3586b65f675 warpx:4e1de98954f7f0acef04efe092a43256eabb8a91 ,256,6,1,1,2019_10_23_18_08_28,9.55099549,8.901
298,2019-10-23 21:27:56.972741,automated_test_1_uniform_rest_32ppc,picsar:5e28bcc350da7fda6125c42b8c8701cfe1b0ecdf amrex:58dbb83dde3819c47889fcc87c66e3586b65f675 warpx:4e1de98954f7f0acef04efe092a43256eabb8a91 ,512,6,1,0,2019_10_23_18_08_28,0.5870000000000002,0.1609
299,2019-10-23 21:27:57.085382,automated_test_1_uniform_rest_32ppc,picsar:5e28bcc350da7fda6125c42b8c8701cfe1b0ecdf amrex:58dbb83dde3819c47889fcc87c66e3586b65f675 warpx:4e1de98954f7f0acef04efe092a43256eabb8a91 ,512,6,1,1,2019_10_23_18_08_28,0.5840000000000001,0.1605
300,2019-10-23 21:27:57.156792,automated_test_2_uniform_rest_1ppc,picsar:5e28bcc350da7fda6125c42b8c8701cfe1b0ecdf amrex:58dbb83dde3819c47889fcc87c66e3586b65f675 warpx:4e1de98954f7f0acef04efe092a43256eabb8a91 ,512,6,1,0,2019_10_23_18_08_28,0.7559999999999993,0.5033000000000001
301,2019-10-23 21:27:57.242815,automated_test_2_uniform_rest_1ppc,picsar:5e28bcc350da7fda6125c42b8c8701cfe1b0ecdf amrex:58dbb83dde3819c47889fcc87c66e3586b65f675 warpx:4e1de98954f7f0acef04efe092a43256eabb8a91 ,512,6,1,1,2019_10_23_18_08_28,0.7589999999999995,0.5025000000000001
302,2019-10-23 21:27:57.327426,automated_test_3_uniform_drift_4ppc,picsar:5e28bcc350da7fda6125c42b8c8701cfe1b0ecdf amrex:58dbb83dde3819c47889fcc87c66e3586b65f675 warpx:4e1de98954f7f0acef04efe092a43256eabb8a91 ,512,6,1,0,2019_10_23_18_08_28,1.0809999999999995,0.3458
303,2019-10-23 21:27:57.406932,automated_test_3_uniform_drift_4ppc,picsar:5e28bcc350da7fda6125c42b8c8701cfe1b0ecdf amrex:58dbb83dde3819c47889fcc87c66e3586b65f675 warpx:4e1de98954f7f0acef04efe092a43256eabb8a91 ,512,6,1,1,2019_10_23_18_08_28,1.073,0.3464
304,2019-10-23 21:27:57.490672,automated_test_4_labdiags_2ppc,picsar:5e28bcc350da7fda6125c42b8c8701cfe1b0ecdf amrex:58dbb83dde3819c47889fcc87c66e3586b65f675 warpx:4e1de98954f7f0acef04efe092a43256eabb8a91 ,512,6,1,0,2019_10_23_18_08_28,0.597999999999999,0.19864
305,2019-10-23 21:27:57.549861,automated_test_4_labdiags_2ppc,picsar:5e28bcc350da7fda6125c42b8c8701cfe1b0ecdf amrex:58dbb83dde3819c47889fcc87c66e3586b65f675 warpx:4e1de98954f7f0acef04efe092a43256eabb8a91 ,512,6,1,1,2019_10_23_18_08_28,0.6340000000000003,0.19552
306,2019-10-23 21:27:57.608138,automated_test_5_loadimbalance,picsar:5e28bcc350da7fda6125c42b8c8701cfe1b0ecdf amrex:58dbb83dde3819c47889fcc87c66e3586b65f675 warpx:4e1de98954f7f0acef04efe092a43256eabb8a91 ,512,6,1,0,2019_10_23_18_08_28,0.2525,0.0435
307,2019-10-23 21:27:57.666435,automated_test_5_loadimbalance,picsar:5e28bcc350da7fda6125c42b8c8701cfe1b0ecdf amrex:58dbb83dde3819c47889fcc87c66e3586b65f675 warpx:4e1de98954f7f0acef04efe092a43256eabb8a91 ,512,6,1,1,2019_10_23_18_08_28,0.24059999999999998,0.043980000000000005
308,2019-10-23 21:27:57.741221,automated_test_6_output_2ppc,picsar:5e28bcc350da7fda6125c42b8c8701cfe1b0ecdf amrex:58dbb83dde3819c47889fcc87c66e3586b65f675 warpx:4e1de98954f7f0acef04efe092a43256eabb8a91 ,512,6,1,0,2019_10_23_18_08_28,23.989995444999998,23.34
309,2019-10-23 21:27:57.806292,automated_test_6_output_2ppc,picsar:5e28bcc350da7fda6125c42b8c8701cfe1b0ecdf amrex:58dbb83dde3819c47889fcc87c66e3586b65f675 warpx:4e1de98954f7f0acef04efe092a43256eabb8a91 ,512,6,1,1,2019_10_23_18_08_28,18.459995443,17.79
310,2019-10-23 21:27:57.870520,automated_test_1_uniform_rest_32ppc,picsar:5e28bcc350da7fda6125c42b8c8701cfe1b0ecdf amrex:58dbb83dde3819c47889fcc87c66e3586b65f675 warpx:4e1de98954f7f0acef04efe092a43256eabb8a91 ,1024,6,1,0,2019_10_23_18_08_28,0.6109999999999998,0.16570000000000001
311,2019-10-23 21:27:57.930647,automated_test_1_uniform_rest_32ppc,picsar:5e28bcc350da7fda6125c42b8c8701cfe1b0ecdf amrex:58dbb83dde3819c47889fcc87c66e3586b65f675 warpx:4e1de98954f7f0acef04efe092a43256eabb8a91 ,1024,6,1,1,2019_10_23_18_08_28,0.6059999999999999,0.1633
312,2019-10-23 21:27:57.991484,automated_test_2_uniform_rest_1ppc,picsar:5e28bcc350da7fda6125c42b8c8701cfe1b0ecdf amrex:58dbb83dde3819c47889fcc87c66e3586b65f675 warpx:4e1de98954f7f0acef04efe092a43256eabb8a91 ,1024,6,1,0,2019_10_23_18_08_28,0.8040000000000003,0.4967
313,2019-10-23 21:27:58.053223,automated_test_2_uniform_rest_1ppc,picsar:5e28bcc350da7fda6125c42b8c8701cfe1b0ecdf amrex:58dbb83dde3819c47889fcc87c66e3586b65f675 warpx:4e1de98954f7f0acef04efe092a43256eabb8a91 ,1024,6,1,1,2019_10_23_18_08_28,0.7999999999999998,0.49779999999999996
314,2019-10-23 21:27:58.112896,automated_test_3_uniform_drift_4ppc,picsar:5e28bcc350da7fda6125c42b8c8701cfe1b0ecdf amrex:58dbb83dde3819c47889fcc87c66e3586b65f675 warpx:4e1de98954f7f0acef04efe092a43256eabb8a91 ,1024,6,1,0,2019_10_23_18_08_28,1.0900000000000003,0.3605
315,2019-10-23 21:27:58.175020,automated_test_3_uniform_drift_4ppc,picsar:5e28bcc350da7fda6125c42b8c8701cfe1b0ecdf amrex:58dbb83dde3819c47889fcc87c66e3586b65f675 warpx:4e1de98954f7f0acef04efe092a43256eabb8a91 ,1024,6,1,1,2019_10_23_18_08_28,1.1149999999999998,0.3587
316,2019-10-23 21:27:58.236937,automated_test_4_labdiags_2ppc,picsar:5e28bcc350da7fda6125c42b8c8701cfe1b0ecdf amrex:58dbb83dde3819c47889fcc87c66e3586b65f675 warpx:4e1de98954f7f0acef04efe092a43256eabb8a91 ,1024,6,1,0,2019_10_23_18_08_28,0.6159999999999997,0.1752
317,2019-10-23 21:27:58.298602,automated_test_4_labdiags_2ppc,picsar:5e28bcc350da7fda6125c42b8c8701cfe1b0ecdf amrex:58dbb83dde3819c47889fcc87c66e3586b65f675 warpx:4e1de98954f7f0acef04efe092a43256eabb8a91 ,1024,6,1,1,2019_10_23_18_08_28,0.6700000000000017,0.3422
318,2019-10-23 21:27:58.362504,automated_test_5_loadimbalance,picsar:5e28bcc350da7fda6125c42b8c8701cfe1b0ecdf amrex:58dbb83dde3819c47889fcc87c66e3586b65f675 warpx:4e1de98954f7f0acef04efe092a43256eabb8a91 ,1024,6,1,0,2019_10_23_18_08_28,0.256,0.04729
319,2019-10-23 21:27:58.423292,automated_test_5_loadimbalance,picsar:5e28bcc350da7fda6125c42b8c8701cfe1b0ecdf amrex:58dbb83dde3819c47889fcc87c66e3586b65f675 warpx:4e1de98954f7f0acef04efe092a43256eabb8a91 ,1024,6,1,1,2019_10_23_18_08_28,0.25570000000000004,0.04609
320,2019-10-23 21:27:58.483065,automated_test_6_output_2ppc,picsar:5e28bcc350da7fda6125c42b8c8701cfe1b0ecdf amrex:58dbb83dde3819c47889fcc87c66e3586b65f675 warpx:4e1de98954f7f0acef04efe092a43256eabb8a91 ,1024,6,1,0,2019_10_23_18_08_28,33.829995528,33.04
321,2019-10-23 21:27:58.544241,automated_test_6_output_2ppc,picsar:5e28bcc350da7fda6125c42b8c8701cfe1b0ecdf amrex:58dbb83dde3819c47889fcc87c66e3586b65f675 warpx:4e1de98954f7f0acef04efe092a43256eabb8a91 ,1024,6,1,1,2019_10_23_18_08_28,34.309995497,33.44
322,2019-11-17 15:27:02.289123,automated_test_1_uniform_rest_32ppc,picsar:5e28bcc350da7fda6125c42b8c8701cfe1b0ecdf amrex:90934d9ee7ad23bdc09cfaee5af0d3f1fc6f09e6 warpx:f15eb428fba1d52e16c7e062dd0e142697c034b6 ,1,6,1,0,2019_11_17_15_19_18,0.597,0.1403
323,2019-11-17 15:27:03.458852,automated_test_1_uniform_rest_32ppc,picsar:5e28bcc350da7fda6125c42b8c8701cfe1b0ecdf amrex:90934d9ee7ad23bdc09cfaee5af0d3f1fc6f09e6 warpx:f15eb428fba1d52e16c7e062dd0e142697c034b6 ,1,6,1,1,2019_11_17_15_19_18,0.5940000000000001,0.1406
324,2019-11-17 15:27:03.621996,automated_test_2_uniform_rest_1ppc,picsar:5e28bcc350da7fda6125c42b8c8701cfe1b0ecdf amrex:90934d9ee7ad23bdc09cfaee5af0d3f1fc6f09e6 warpx:f15eb428fba1d52e16c7e062dd0e142697c034b6 ,1,6,1,0,2019_11_17_15_19_18,0.7620000000000005,0.4069
325,2019-11-17 15:27:03.784699,automated_test_2_uniform_rest_1ppc,picsar:5e28bcc350da7fda6125c42b8c8701cfe1b0ecdf amrex:90934d9ee7ad23bdc09cfaee5af0d3f1fc6f09e6 warpx:f15eb428fba1d52e16c7e062dd0e142697c034b6 ,1,6,1,1,2019_11_17_15_19_18,0.7649999999999997,0.4085
326,2019-11-17 15:27:03.846904,automated_test_3_uniform_drift_4ppc,picsar:5e28bcc350da7fda6125c42b8c8701cfe1b0ecdf amrex:90934d9ee7ad23bdc09cfaee5af0d3f1fc6f09e6 warpx:f15eb428fba1d52e16c7e062dd0e142697c034b6 ,1,6,1,0,2019_11_17_15_19_18,1.0540000000000003,0.312
327,2019-11-17 15:27:03.910201,automated_test_3_uniform_drift_4ppc,picsar:5e28bcc350da7fda6125c42b8c8701cfe1b0ecdf amrex:90934d9ee7ad23bdc09cfaee5af0d3f1fc6f09e6 warpx:f15eb428fba1d52e16c7e062dd0e142697c034b6 ,1,6,1,1,2019_11_17_15_19_18,1.0590000000000006,0.31389999999999996
328,2019-11-17 15:27:03.974898,automated_test_4_labdiags_2ppc,picsar:5e28bcc350da7fda6125c42b8c8701cfe1b0ecdf amrex:90934d9ee7ad23bdc09cfaee5af0d3f1fc6f09e6 warpx:f15eb428fba1d52e16c7e062dd0e142697c034b6 ,1,6,1,0,2019_11_17_15_19_18,1.362,0.18536000000000002
329,2019-11-17 15:27:04.038541,automated_test_4_labdiags_2ppc,picsar:5e28bcc350da7fda6125c42b8c8701cfe1b0ecdf amrex:90934d9ee7ad23bdc09cfaee5af0d3f1fc6f09e6 warpx:f15eb428fba1d52e16c7e062dd0e142697c034b6 ,1,6,1,1,2019_11_17_15_19_18,1.1910000000000007,0.18898
330,2019-11-17 15:27:04.100401,automated_test_5_loadimbalance,picsar:5e28bcc350da7fda6125c42b8c8701cfe1b0ecdf amrex:90934d9ee7ad23bdc09cfaee5af0d3f1fc6f09e6 warpx:f15eb428fba1d52e16c7e062dd0e142697c034b6 ,1,6,1,0,2019_11_17_15_19_18,0.23019999999999996,0.03778
331,2019-11-17 15:27:04.162939,automated_test_5_loadimbalance,picsar:5e28bcc350da7fda6125c42b8c8701cfe1b0ecdf amrex:90934d9ee7ad23bdc09cfaee5af0d3f1fc6f09e6 warpx:f15eb428fba1d52e16c7e062dd0e142697c034b6 ,1,6,1,1,2019_11_17_15_19_18,0.1941,0.03914
332,2019-11-17 15:27:04.224478,automated_test_6_output_2ppc,picsar:5e28bcc350da7fda6125c42b8c8701cfe1b0ecdf amrex:90934d9ee7ad23bdc09cfaee5af0d3f1fc6f09e6 warpx:f15eb428fba1d52e16c7e062dd0e142697c034b6 ,1,6,1,0,2019_11_17_15_19_18,7.653995313,6.163
333,2019-11-17 15:27:04.288004,automated_test_6_output_2ppc,picsar:5e28bcc350da7fda6125c42b8c8701cfe1b0ecdf amrex:90934d9ee7ad23bdc09cfaee5af0d3f1fc6f09e6 warpx:f15eb428fba1d52e16c7e062dd0e142697c034b6 ,1,6,1,1,2019_11_17_15_19_18,7.7129952280000005,6.238
334,2019-11-17 15:27:04.354283,automated_test_1_uniform_rest_32ppc,picsar:5e28bcc350da7fda6125c42b8c8701cfe1b0ecdf amrex:90934d9ee7ad23bdc09cfaee5af0d3f1fc6f09e6 warpx:f15eb428fba1d52e16c7e062dd0e142697c034b6 ,2,6,1,0,2019_11_17_15_19_18,0.5850000000000002,0.1426
335,2019-11-17 15:27:04.416128,automated_test_1_uniform_rest_32ppc,picsar:5e28bcc350da7fda6125c42b8c8701cfe1b0ecdf amrex:90934d9ee7ad23bdc09cfaee5af0d3f1fc6f09e6 warpx:f15eb428fba1d52e16c7e062dd0e142697c034b6 ,2,6,1,1,2019_11_17_15_19_18,0.5939999999999999,0.1432
336,2019-11-17 15:27:04.478679,automated_test_2_uniform_rest_1ppc,picsar:5e28bcc350da7fda6125c42b8c8701cfe1b0ecdf amrex:90934d9ee7ad23bdc09cfaee5af0d3f1fc6f09e6 warpx:f15eb428fba1d52e16c7e062dd0e142697c034b6 ,2,6,1,0,2019_11_17_15_19_18,0.6910000000000007,0.4164
337,2019-11-17 15:27:04.541629,automated_test_2_uniform_rest_1ppc,picsar:5e28bcc350da7fda6125c42b8c8701cfe1b0ecdf amrex:90934d9ee7ad23bdc09cfaee5af0d3f1fc6f09e6 warpx:f15eb428fba1d52e16c7e062dd0e142697c034b6 ,2,6,1,1,2019_11_17_15_19_18,0.75,0.4183
338,2019-11-17 15:27:04.603573,automated_test_3_uniform_drift_4ppc,picsar:5e28bcc350da7fda6125c42b8c8701cfe1b0ecdf amrex:90934d9ee7ad23bdc09cfaee5af0d3f1fc6f09e6 warpx:f15eb428fba1d52e16c7e062dd0e142697c034b6 ,2,6,1,0,2019_11_17_15_19_18,1.0280000000000005,0.3106
339,2019-11-17 15:27:04.665937,automated_test_3_uniform_drift_4ppc,picsar:5e28bcc350da7fda6125c42b8c8701cfe1b0ecdf amrex:90934d9ee7ad23bdc09cfaee5af0d3f1fc6f09e6 warpx:f15eb428fba1d52e16c7e062dd0e142697c034b6 ,2,6,1,1,2019_11_17_15_19_18,1.0479999999999996,0.3121
340,2019-11-17 15:27:04.730959,automated_test_4_labdiags_2ppc,picsar:5e28bcc350da7fda6125c42b8c8701cfe1b0ecdf amrex:90934d9ee7ad23bdc09cfaee5af0d3f1fc6f09e6 warpx:f15eb428fba1d52e16c7e062dd0e142697c034b6 ,2,6,1,0,2019_11_17_15_19_18,0.6130000000000004,0.1412
341,2019-11-17 15:27:04.793821,automated_test_4_labdiags_2ppc,picsar:5e28bcc350da7fda6125c42b8c8701cfe1b0ecdf amrex:90934d9ee7ad23bdc09cfaee5af0d3f1fc6f09e6 warpx:f15eb428fba1d52e16c7e062dd0e142697c034b6 ,2,6,1,1,2019_11_17_15_19_18,0.6199999999999992,0.14146
342,2019-11-17 15:27:04.857684,automated_test_5_loadimbalance,picsar:5e28bcc350da7fda6125c42b8c8701cfe1b0ecdf amrex:90934d9ee7ad23bdc09cfaee5af0d3f1fc6f09e6 warpx:f15eb428fba1d52e16c7e062dd0e142697c034b6 ,2,6,1,0,2019_11_17_15_19_18,0.23050000000000004,0.041049999999999996
343,2019-11-17 15:27:04.920126,automated_test_5_loadimbalance,picsar:5e28bcc350da7fda6125c42b8c8701cfe1b0ecdf amrex:90934d9ee7ad23bdc09cfaee5af0d3f1fc6f09e6 warpx:f15eb428fba1d52e16c7e062dd0e142697c034b6 ,2,6,1,1,2019_11_17_15_19_18,0.2328,0.04033
344,2019-11-17 15:27:04.983106,automated_test_6_output_2ppc,picsar:5e28bcc350da7fda6125c42b8c8701cfe1b0ecdf amrex:90934d9ee7ad23bdc09cfaee5af0d3f1fc6f09e6 warpx:f15eb428fba1d52e16c7e062dd0e142697c034b6 ,2,6,1,0,2019_11_17_15_19_18,5.333995251999999,4.67
345,2019-11-17 15:27:05.048719,automated_test_6_output_2ppc,picsar:5e28bcc350da7fda6125c42b8c8701cfe1b0ecdf amrex:90934d9ee7ad23bdc09cfaee5af0d3f1fc6f09e6 warpx:f15eb428fba1d52e16c7e062dd0e142697c034b6 ,2,6,1,1,2019_11_17_15_19_18,5.332995287,4.671
346,2019-11-17 15:27:05.114525,automated_test_1_uniform_rest_32ppc,picsar:5e28bcc350da7fda6125c42b8c8701cfe1b0ecdf amrex:90934d9ee7ad23bdc09cfaee5af0d3f1fc6f09e6 warpx:f15eb428fba1d52e16c7e062dd0e142697c034b6 ,8,6,1,0,2019_11_17_15_19_18,0.5949999999999998,0.1459
347,2019-11-17 15:27:05.178182,automated_test_1_uniform_rest_32ppc,picsar:5e28bcc350da7fda6125c42b8c8701cfe1b0ecdf amrex:90934d9ee7ad23bdc09cfaee5af0d3f1fc6f09e6 warpx:f15eb428fba1d52e16c7e062dd0e142697c034b6 ,8,6,1,1,2019_11_17_15_19_18,0.5640000000000001,0.1464
348,2019-11-17 15:27:05.241023,automated_test_2_uniform_rest_1ppc,picsar:5e28bcc350da7fda6125c42b8c8701cfe1b0ecdf amrex:90934d9ee7ad23bdc09cfaee5af0d3f1fc6f09e6 warpx:f15eb428fba1d52e16c7e062dd0e142697c034b6 ,8,6,1,0,2019_11_17_15_19_18,0.7399999999999993,0.49560000000000004
349,2019-11-17 15:27:05.302955,automated_test_2_uniform_rest_1ppc,picsar:5e28bcc350da7fda6125c42b8c8701cfe1b0ecdf amrex:90934d9ee7ad23bdc09cfaee5af0d3f1fc6f09e6 warpx:f15eb428fba1d52e16c7e062dd0e142697c034b6 ,8,6,1,1,2019_11_17_15_19_18,0.7409999999999997,0.4969
350,2019-11-17 15:27:05.365945,automated_test_3_uniform_drift_4ppc,picsar:5e28bcc350da7fda6125c42b8c8701cfe1b0ecdf amrex:90934d9ee7ad23bdc09cfaee5af0d3f1fc6f09e6 warpx:f15eb428fba1d52e16c7e062dd0e142697c034b6 ,8,6,1,0,2019_11_17_15_19_18,1.0709999999999997,0.32480000000000003
351,2019-11-17 15:27:05.472840,automated_test_3_uniform_drift_4ppc,picsar:5e28bcc350da7fda6125c42b8c8701cfe1b0ecdf amrex:90934d9ee7ad23bdc09cfaee5af0d3f1fc6f09e6 warpx:f15eb428fba1d52e16c7e062dd0e142697c034b6 ,8,6,1,1,2019_11_17_15_19_18,1.0710000000000002,0.3238
352,2019-11-17 15:27:05.537162,automated_test_4_labdiags_2ppc,picsar:5e28bcc350da7fda6125c42b8c8701cfe1b0ecdf amrex:90934d9ee7ad23bdc09cfaee5af0d3f1fc6f09e6 warpx:f15eb428fba1d52e16c7e062dd0e142697c034b6 ,8,6,1,0,2019_11_17_15_19_18,0.6099999999999994,0.2278
353,2019-11-17 15:27:05.600300,automated_test_4_labdiags_2ppc,picsar:5e28bcc350da7fda6125c42b8c8701cfe1b0ecdf amrex:90934d9ee7ad23bdc09cfaee5af0d3f1fc6f09e6 warpx:f15eb428fba1d52e16c7e062dd0e142697c034b6 ,8,6,1,1,2019_11_17_15_19_18,0.6000000000000014,0.2256
354,2019-11-17 15:27:05.663326,automated_test_5_loadimbalance,picsar:5e28bcc350da7fda6125c42b8c8701cfe1b0ecdf amrex:90934d9ee7ad23bdc09cfaee5af0d3f1fc6f09e6 warpx:f15eb428fba1d52e16c7e062dd0e142697c034b6 ,8,6,1,0,2019_11_17_15_19_18,0.23060000000000003,0.04123
355,2019-11-17 15:27:05.726783,automated_test_5_loadimbalance,picsar:5e28bcc350da7fda6125c42b8c8701cfe1b0ecdf amrex:90934d9ee7ad23bdc09cfaee5af0d3f1fc6f09e6 warpx:f15eb428fba1d52e16c7e062dd0e142697c034b6 ,8,6,1,1,2019_11_17_15_19_18,0.21300000000000002,0.045810000000000003
356,2019-11-17 15:27:05.791664,automated_test_6_output_2ppc,picsar:5e28bcc350da7fda6125c42b8c8701cfe1b0ecdf amrex:90934d9ee7ad23bdc09cfaee5af0d3f1fc6f09e6 warpx:f15eb428fba1d52e16c7e062dd0e142697c034b6 ,8,6,1,0,2019_11_17_15_19_18,5.621995253,4.982
357,2019-11-17 15:27:05.856545,automated_test_6_output_2ppc,picsar:5e28bcc350da7fda6125c42b8c8701cfe1b0ecdf amrex:90934d9ee7ad23bdc09cfaee5af0d3f1fc6f09e6 warpx:f15eb428fba1d52e16c7e062dd0e142697c034b6 ,8,6,1,1,2019_11_17_15_19_18,5.548995233,4.885
